file_name,size_mb,width,height,aspect_ratio,brightness,contrast,blur_score,image_area,size_per_pixel,is_square
celeba_00000.jpg,0.006000518798828125,178,218,0.8165137614678899,104.0591949283579,43.16468292847142,338.646625431183,38804,1.5463660444356575e-07,0
celeba_00001.jpg,0.007012367248535156,178,218,0.8165137614678899,62.31380785486032,55.88134171773061,1628.9783527172542,38804,1.8071248449992673e-07,0
celeba_00002.jpg,0.007615089416503906,178,218,0.8165137614678899,123.42382228636222,41.28421426223017,701.5802749364806,38804,1.9624495970786277e-07,0
celeba_00003.jpg,0.0056324005126953125,178,218,0.8165137614678899,97.20964333573859,56.0217197890374,162.00967453559713,38804,1.4514999775011114e-07,0
celeba_00004.jpg,0.005616188049316406,178,218,0.8165137614678899,69.92732707968251,75.19067180605468,344.38767944328436,38804,1.4473219382837868e-07,0
celeba_00005.jpg,0.0073909759521484375,178,218,0.8165137614678899,118.48788784661375,64.40617140173465,878.8428315805294,38804,1.904694349074435e-07,0
celeba_00006.jpg,0.0075531005859375,178,218,0.8165137614678899,91.33390887537367,74.7997623426602,635.5649022161718,38804,1.9464747412476807e-07,0
celeba_00007.jpg,0.005114555358886719,178,218,0.8165137614678899,120.80161838985671,42.84958663746569,260.0136821473074,38804,1.318048489559509e-07,0
celeba_00008.jpg,0.006260871887207031,178,218,0.8165137614678899,63.34377899185651,63.30589935227968,222.94588186452805,38804,1.6134604389256342e-07,0
celeba_00009.jpg,0.007611274719238281,178,218,0.8165137614678899,105.64305226265334,50.294199643742296,1761.4574388767762,38804,1.9614665290274924e-07,0
celeba_00010.jpg,0.0074462890625,178,218,0.8165137614678899,116.38248634161427,87.07886344790197,663.7215856701447,38804,1.9189488358158954e-07,0
celeba_00011.jpg,0.0075511932373046875,178,218,0.8165137614678899,108.2661065869498,95.97046781319693,1271.6813647149606,38804,1.9459832072221132e-07,0
celeba_00012.jpg,0.006255149841308594,178,218,0.8165137614678899,144.68152767755902,66.20280678023289,644.607173857158,38804,1.6119858368489314e-07,0
celeba_00013.jpg,0.0047130584716796875,178,218,0.8165137614678899,59.68106380785486,65.7879420203177,82.78434389886299,38804,1.21458057717753e-07,0
celeba_00014.jpg,0.006267547607421875,178,218,0.8165137614678899,90.46340583445006,44.87122563420348,686.65328951767,38804,1.6151808080151208e-07,0
celeba_00015.jpg,0.006888389587402344,178,218,0.8165137614678899,117.78489330996804,52.71040165123258,218.826750964019,38804,1.7751751333373733e-07,0
celeba_00016.jpg,0.006831169128417969,178,218,0.8165137614678899,166.34027419853624,83.3100321884338,1572.4057178802732,38804,1.7604291125703456e-07,0
celeba_00017.jpg,0.008902549743652344,178,218,0.8165137614678899,115.81491598804247,57.28966601891804,621.6936804910702,38804,2.2942350643367548e-07,0
celeba_00018.jpg,0.007821083068847656,178,218,0.8165137614678899,125.7160859705185,61.96206228941077,769.7410140991121,38804,2.015535271839928e-07,0
celeba_00019.jpg,0.006648063659667969,178,218,0.8165137614678899,144.43351200907122,65.4961686273319,557.1156941031853,38804,1.7132418461158562e-07,0
celeba_00020.jpg,0.0070648193359375,178,218,0.8165137614678899,157.38800123698587,60.02434784422674,629.829201847619,38804,1.8206420307023762e-07,0
celeba_00021.jpg,0.006447792053222656,178,218,0.8165137614678899,158.52461086485928,65.7510198874604,381.1033616795627,38804,1.6616307734312587e-07,0
celeba_00022.jpg,0.007541656494140625,178,218,0.8165137614678899,100.69634573755283,48.424746915701554,459.4688410160798,38804,1.943525537094275e-07,0
celeba_00023.jpg,0.005604743957519531,178,218,0.8165137614678899,98.05795794248016,49.971748706765986,407.4425316977631,38804,1.4443727341303812e-07,0
celeba_00024.jpg,0.005828857421875,178,218,0.8165137614678899,161.72819812390475,88.06863361037033,568.2980905933882,38804,1.5021279821345736e-07,0
celeba_00025.jpg,0.005719184875488281,178,218,0.8165137614678899,83.83692402845068,76.92691990762987,758.2994246424967,38804,1.473864775664437e-07,0
celeba_00026.jpg,0.005527496337890625,178,218,0.8165137614678899,166.33225956087,64.42587373335017,247.0057970430606,38804,1.4244656060948936e-07,0
celeba_00027.jpg,0.005076408386230469,178,218,0.8165137614678899,178.46023605813835,45.03324936307655,85.94097882420907,38804,1.308217809048157e-07,0
celeba_00028.jpg,0.0060825347900390625,178,218,0.8165137614678899,189.8664055252036,40.48519050973188,227.14928761673343,38804,1.567502007535064e-07,0
celeba_00029.jpg,0.011262893676757812,178,218,0.8165137614678899,170.6911916297289,82.35735490876806,4431.022670089039,38804,2.902508420976655e-07,0
celeba_00030.jpg,0.006897926330566406,178,218,0.8165137614678899,84.38944438717658,67.11641337977602,1721.579754334931,38804,1.7776328034652114e-07,0
celeba_00031.jpg,0.007191658020019531,178,218,0.8165137614678899,113.03669724770643,45.005085598139786,242.19184703648793,38804,1.8533290434026211e-07,0
celeba_00032.jpg,0.006816864013671875,178,218,0.8165137614678899,128.4427636326152,92.54677310859539,690.2252209977141,38804,1.7567426073785885e-07,0
celeba_00033.jpg,0.008967399597167969,178,218,0.8165137614678899,162.3978713534687,42.35886060130057,2088.519931650479,38804,2.310947221206053e-07,0
celeba_00034.jpg,0.005942344665527344,178,218,0.8165137614678899,86.7011648283682,62.06852355262054,370.93922785408023,38804,1.5313742566558458e-07,0
celeba_00035.jpg,0.006773948669433594,178,218,0.8165137614678899,153.22239975260283,85.91965767953725,1303.895816048043,38804,1.7456830918033177e-07,0
celeba_00036.jpg,0.007128715515136719,178,218,0.8165137614678899,147.55208225956088,61.01177383323267,816.9966289951204,38804,1.8371084205588904e-07,0
celeba_00037.jpg,0.007369041442871094,178,218,0.8165137614678899,85.32205442737862,58.83379670411119,519.9773407673426,38804,1.8990417077804075e-07,0
celeba_00038.jpg,0.008670806884765625,178,218,0.8165137614678899,72.9337439439233,72.1193008399694,2689.9317121941945,38804,2.234513680230292e-07,0
celeba_00039.jpg,0.0053043365478515625,178,218,0.8165137614678899,174.94047005463355,73.15559105899608,264.39817590261254,38804,1.3669561251034849e-07,0
celeba_00040.jpg,0.007098197937011719,178,218,0.8165137614678899,68.77388928976394,66.878447054028,904.8180192825528,38804,1.829243876149809e-07,0
celeba_00041.jpg,0.004916191101074219,178,218,0.8165137614678899,93.6678950623647,78.88934718424596,140.24372726588706,38804,1.266928950900479e-07,0
celeba_00042.jpg,0.008190155029296875,178,218,0.8165137614678899,66.49788681579219,62.87906075542441,2944.756645382192,38804,2.1106471057872578e-07,0
celeba_00043.jpg,0.0090789794921875,178,218,0.8165137614678899,151.91812699721677,67.59425510805468,2083.3604387621167,38804,2.3397019617017577e-07,0
celeba_00044.jpg,0.005385398864746094,178,218,0.8165137614678899,80.04551077208535,64.75408741241108,418.4449772630845,38804,1.3878463211901077e-07,0
celeba_00045.jpg,0.005797386169433594,178,218,0.8165137614678899,112.11985877744563,53.27844169714392,421.35712564133206,38804,1.4940176707127084e-07,0
celeba_00046.jpg,0.00635528564453125,178,218,0.8165137614678899,155.262060612308,50.45405730368063,562.5124603199843,38804,1.6377913731912302e-07,0
celeba_00047.jpg,0.006291389465332031,178,218,0.8165137614678899,93.05960725698381,50.07893293568949,376.34498912069375,38804,1.6213249833347157e-07,0
celeba_00048.jpg,0.005515098571777344,178,218,0.8165137614678899,115.99914957220905,98.2371615929627,357.3811837459257,38804,1.4212706349287042e-07,0
celeba_00049.jpg,0.0054721832275390625,178,218,0.8165137614678899,103.92245644778889,61.918590554770674,387.3047621804542,38804,1.4102111193534334e-07,0
celeba_00050.jpg,0.0058078765869140625,178,218,0.8165137614678899,95.23484692299763,61.317227282485355,369.66029101797704,38804,1.4967211078533302e-07,0
celeba_00051.jpg,0.005873680114746094,178,218,0.8165137614678899,144.76370992681166,56.88245159141398,850.4277664034861,38804,1.5136790317354122e-07,0
celeba_00052.jpg,0.0066242218017578125,178,218,0.8165137614678899,158.01247294093392,69.59910974864367,1091.9711559920302,38804,1.7070976707962613e-07,0
celeba_00053.jpg,0.007694244384765625,178,218,0.8165137614678899,161.1981239047521,59.11304333360891,813.7852089984082,38804,1.9828482591396828e-07,0
celeba_00054.jpg,0.006661415100097656,178,218,0.8165137614678899,143.21178229048553,58.649883842011086,449.909313440296,38804,1.7166825842948296e-07,0
celeba_00055.jpg,0.006352424621582031,178,218,0.8165137614678899,70.73917637356973,54.042119169852526,286.59263572669,38804,1.637054072152879e-07,0
celeba_00056.jpg,0.0066318511962890625,178,218,0.8165137614678899,183.4791774043913,75.78029923110007,2051.8955262105005,38804,1.7090638068985318e-07,0
celeba_00057.jpg,0.006995201110839844,178,218,0.8165137614678899,90.17178641377177,76.44281752994488,898.8959590305701,38804,1.802701038769159e-07,0
celeba_00058.jpg,0.00858306884765625,178,218,0.8165137614678899,93.88537264199567,68.41516750144584,1429.6964250966541,38804,2.2119031150541826e-07,0
celeba_00059.jpg,0.009636878967285156,178,218,0.8165137614678899,124.59723224409855,52.95267829986051,2026.98583877064,38804,2.4834756641802795e-07,0
celeba_00060.jpg,0.0050334930419921875,178,218,0.8165137614678899,91.34194928357901,67.26600963208257,172.6729053747776,38804,1.2971582934728863e-07,0
celeba_00061.jpg,0.00732421875,178,218,0.8165137614678899,104.28404288217709,74.88701025340892,525.6882497743238,38804,1.8874906581795692e-07,0
celeba_00062.jpg,0.00717926025390625,178,218,0.8165137614678899,129.9372745077827,70.96682871171572,1625.6382576141357,38804,1.8501340722364318e-07,0
celeba_00063.jpg,0.006877899169921875,178,218,0.8165137614678899,130.48098134212967,70.82417366265707,737.4608896618096,38804,1.7724716961967517e-07,0
celeba_00064.jpg,0.007450103759765625,178,218,0.8165137614678899,109.59527368312546,58.993411278730534,633.8202532842602,38804,1.9199319038670304e-07,0
celeba_00065.jpg,0.007052421569824219,178,218,0.8165137614678899,154.9584578909391,82.29173827601906,800.4846190977245,38804,1.8174470595361866e-07,0
celeba_00066.jpg,0.0064334869384765625,178,218,0.8165137614678899,155.74788681579219,53.1344068726649,565.6656519628682,38804,1.6579442682395018e-07,0
celeba_00067.jpg,0.0073299407958984375,178,218,0.8165137614678899,142.62828574373776,52.95964995238603,503.05063546733237,38804,1.888965260256272e-07,0
celeba_00068.jpg,0.007195472717285156,178,218,0.8165137614678899,125.99247500257705,74.57122560993383,1042.9100018465479,38804,1.8543121114537564e-07,0
celeba_00069.jpg,0.006089210510253906,178,218,0.8165137614678899,197.36132872899702,64.10598716340051,638.0080885064821,38804,1.5692223766245506e-07,0
celeba_00070.jpg,0.008397102355957031,178,218,0.8165137614678899,109.06148850633956,63.692942552915234,3472.331787541077,38804,2.163978547561342e-07,0
celeba_00071.jpg,0.0060272216796875,178,218,0.8165137614678899,98.52814142871868,57.04142539100021,818.9430837069082,38804,1.5532475207936037e-07,0
celeba_00072.jpg,0.006281852722167969,178,218,0.8165137614678899,57.39642820327801,61.07233404071458,1063.4390017176659,38804,1.618867313206878e-07,0
celeba_00073.jpg,0.0055370330810546875,178,218,0.8165137614678899,99.68142459540253,75.07985059134911,418.2975992184617,38804,1.4269232762227316e-07,0
celeba_00074.jpg,0.005930900573730469,178,218,0.8165137614678899,124.6743119266055,40.92975846723227,217.0409224446132,38804,1.5284250525024402e-07,0
celeba_00075.jpg,0.008694648742675781,178,218,0.8165137614678899,127.76626121018452,67.37056792902584,1417.0096034932792,38804,2.240657855549887e-07,0
celeba_00076.jpg,0.006011009216308594,178,218,0.8165137614678899,64.38398103288321,58.2690572229536,1042.2449852718487,38804,1.5490694815762793e-07,0
celeba_00077.jpg,0.005614280700683594,178,218,0.8165137614678899,107.22966704463457,63.58726649207762,141.14253538482836,38804,1.4468304042582192e-07,0
celeba_00078.jpg,0.005845069885253906,178,218,0.8165137614678899,114.28017730130914,41.71239222827093,513.5980311308113,38804,1.5063060213518983e-07,0
celeba_00079.jpg,0.006114006042480469,178,218,0.8165137614678899,55.55952994536646,65.40424980325216,523.0670212818324,38804,1.5756123189569293e-07,0
celeba_00080.jpg,0.008392333984375,178,218,0.8165137614678899,60.54566539532007,65.08996851799061,1097.3394081878175,38804,2.162749712497423e-07,0
celeba_00081.jpg,0.007594108581542969,178,218,0.8165137614678899,92.87006494175859,69.58486153641218,758.130661289487,38804,1.957042722797384e-07,0
celeba_00082.jpg,0.005084991455078125,178,218,0.8165137614678899,80.24938150706113,54.34197641188025,170.9357006393814,38804,1.3104297121632112e-07,0
celeba_00083.jpg,0.006388664245605469,178,218,0.8165137614678899,157.26948252757447,83.80135052239068,610.67486326034,38804,1.6463932186386632e-07,0
celeba_00084.jpg,0.006138801574707031,178,218,0.8165137614678899,41.52355427275538,43.36046733604368,411.1468920490738,38804,1.582002261289308e-07,0
celeba_00085.jpg,0.0075588226318359375,178,218,0.8165137614678899,141.18142459540255,52.34291069713876,801.2162564795201,38804,1.9479493433243835e-07,0
celeba_00086.jpg,0.006321907043457031,178,218,0.8165137614678899,113.85710236058138,54.02283470186056,453.3245267514507,38804,1.6291895277437974e-07,0
celeba_00087.jpg,0.004978179931640625,178,218,0.8165137614678899,111.0492475002577,66.1097550565608,145.87897066734067,38804,1.2829038067314258e-07,0
celeba_00088.jpg,0.008217811584472656,178,218,0.8165137614678899,131.64410885475723,65.21717130977228,1272.0702288286798,38804,2.1177743491579878e-07,0
celeba_00089.jpg,0.005542755126953125,178,218,0.8165137614678899,126.27754870631894,51.44441367327072,225.3061538745741,38804,1.4283978782994344e-07,0
celeba_00090.jpg,0.006489753723144531,178,218,0.8165137614678899,140.07004432532727,92.37375977063824,950.4476677707257,38804,1.6724445219937457e-07,0
celeba_00091.jpg,0.006985664367675781,178,218,0.8165137614678899,87.66621997732193,53.68322064265365,529.6405600302354,38804,1.8002433686413208e-07,0
celeba_00092.jpg,0.006138801574707031,178,218,0.8165137614678899,74.8510978249665,47.366834273080954,417.4243354577297,38804,1.582002261289308e-07,0
celeba_00093.jpg,0.006566047668457031,178,218,0.8165137614678899,131.9286413771776,69.57563049759267,951.3157921624642,38804,1.6921058830164496e-07,0
celeba_00094.jpg,0.007396697998046875,178,218,0.8165137614678899,110.41454489227915,59.48538882908628,465.34235528446305,38804,1.9061689511511377e-07,0
celeba_00095.jpg,0.004343986511230469,178,218,0.8165137614678899,48.850711266879706,40.321304561552004,84.31437461479007,38804,1.1194687432302002e-07,0
celeba_00096.jpg,0.007588386535644531,178,218,0.8165137614678899,125.73592928564065,59.87194119126984,650.8072353047918,38804,1.9555681207206812e-07,0
celeba_00097.jpg,0.008161544799804688,178,218,0.8165137614678899,154.35091743119267,54.68772680482857,1383.6776386240097,38804,2.1032740954037439e-07,0
celeba_00098.jpg,0.008975028991699219,178,218,0.8165137614678899,127.03955777754871,85.75770482398025,2664.0868104983474,38804,2.3129133573083236e-07,0
celeba_00099.jpg,0.0073299407958984375,178,218,0.8165137614678899,154.0004123286259,44.07276152287031,1069.3818135262597,38804,1.888965260256272e-07,0
celeba_00100.jpg,0.0033788681030273438,178,218,0.8165137614678899,80.31880733944953,25.848011626444535,25.614808009456997,38804,8.707525262929965e-08,0
celeba_00101.jpg,0.007130622863769531,178,218,0.8165137614678899,98.41439026904443,60.79523608777073,461.51424268708286,38804,1.8375999545844582e-07,0
celeba_00102.jpg,0.007565498352050781,178,218,0.8165137614678899,89.59380476239564,45.05772950919158,1468.293518978513,38804,1.94966971241387e-07,0
celeba_00103.jpg,0.0047321319580078125,178,218,0.8165137614678899,205.38480569013504,64.43222524779277,368.278243233107,38804,1.219495917433206e-07,0
celeba_00104.jpg,0.006573677062988281,178,218,0.8165137614678899,86.77177610555613,64.90928522921749,329.36454987637205,38804,1.69407201911872e-07,0
celeba_00105.jpg,0.0075855255126953125,178,218,0.8165137614678899,118.76961138027008,57.510908043686555,826.9232048294516,38804,1.9548308196823297e-07,0
celeba_00106.jpg,0.00600433349609375,178,218,0.8165137614678899,126.214900525719,64.06560774933796,276.6704137845644,38804,1.5473491124867925e-07,0
celeba_00107.jpg,0.007651329040527344,178,218,0.8165137614678899,123.88377486857026,63.11465307401086,1791.027055803915,38804,1.971788743564412e-07,0
celeba_00108.jpg,0.004958152770996094,178,218,0.8165137614678899,150.0524945881868,88.9486163848592,117.70651845398527,38804,1.2777426994629662e-07,0
celeba_00109.jpg,0.005564689636230469,178,218,0.8165137614678899,98.16835893206886,48.33657806112607,56.20188580575495,38804,1.4340505195934616e-07,0
celeba_00110.jpg,0.007989883422851562,178,218,0.8165137614678899,115.09385630347387,62.28599195417592,1295.2144035555755,38804,2.0590360331026603e-07,0
celeba_00111.jpg,0.006809234619140625,178,218,0.8165137614678899,112.74054221214308,52.097750875629366,509.8892471187603,38804,1.7547764712763182e-07,0
celeba_00112.jpg,0.0057773590087890625,178,218,0.8165137614678899,59.32365220080404,45.324800595433686,112.75704642674327,38804,1.4888565634442487e-07,0
celeba_00113.jpg,0.006278038024902344,178,218,0.8165137614678899,51.99798989794866,39.18115512983001,452.77156841110906,38804,1.6178842451557426e-07,0
celeba_00114.jpg,0.006350517272949219,178,218,0.8165137614678899,92.87537367281723,59.524103415428456,205.51674221951535,38804,1.6365625381273114e-07,0
celeba_00115.jpg,0.009328842163085938,178,218,0.8165137614678899,93.48721781259664,74.87132566727679,2779.5983715803272,38804,2.404092919051113e-07,0
celeba_00116.jpg,0.00720977783203125,178,218,0.8165137614678899,100.81478713534688,92.39166921890805,1128.7370791116552,38804,1.8579986166455133e-07,0
celeba_00117.jpg,0.0071125030517578125,178,218,0.8165137614678899,97.2414957220905,46.3051586026312,794.5224419947959,38804,1.832930381341566e-07,0
celeba_00118.jpg,0.0051898956298828125,178,218,0.8165137614678899,141.9281001958561,61.48474035527576,396.4403338800074,38804,1.337464083569429e-07,0
celeba_00119.jpg,0.00504302978515625,178,218,0.8165137614678899,75.08950108236264,59.32194961288917,357.1120713773059,38804,1.299615963600724e-07,0
celeba_00120.jpg,0.006413459777832031,178,218,0.8165137614678899,101.49183073909906,50.457916630027725,189.24177696391885,38804,1.652783160971042e-07,0
celeba_00121.jpg,0.00698089599609375,178,218,0.8165137614678899,153.75958664055253,87.20024127689575,916.4679561210893,38804,1.7990145335774018e-07,0
celeba_00122.jpg,0.007805824279785156,178,218,0.8165137614678899,89.83826409648489,78.83333851848234,2481.3342633245534,38804,2.011602999635387e-07,0
celeba_00123.jpg,0.006388664245605469,178,218,0.8165137614678899,66.23948562003918,72.90471098162604,342.0926907158829,38804,1.6463932186386632e-07,0
celeba_00124.jpg,0.00728607177734375,178,218,0.8165137614678899,144.05700443253272,80.04566716395968,1636.1068542822834,38804,1.877659977668217e-07,0
celeba_00125.jpg,0.005421638488769531,178,218,0.8165137614678899,107.07659004226369,47.76928194840335,254.9926562517383,38804,1.397185467675892e-07,0
celeba_00126.jpg,0.0066375732421875,178,218,0.8165137614678899,117.4265281929698,39.398493013356315,167.90412695326793,38804,1.7105384089752346e-07,0
celeba_00127.jpg,0.0073795318603515625,178,218,0.8165137614678899,145.22180703020308,56.8843261529242,982.914228736298,38804,1.9017451449210293e-07,0
celeba_00128.jpg,0.007103919982910156,178,218,0.8165137614678899,145.58187300278323,59.87018283019668,885.2714609749775,38804,1.8307184782265117e-07,0
celeba_00129.jpg,0.0071315765380859375,178,218,0.8165137614678899,112.41096278734152,60.401750736400196,402.4906288181295,38804,1.837845721597242e-07,0
celeba_00130.jpg,0.005267143249511719,178,218,0.8165137614678899,104.88532110091744,42.9174603539052,139.3992070642071,38804,1.3573712116049168e-07,0
celeba_00131.jpg,0.006679534912109375,178,218,0.8165137614678899,153.40892691475105,68.15159205576194,448.26925431711123,38804,1.7213521575377217e-07,0
celeba_00132.jpg,0.00487518310546875,178,218,0.8165137614678899,103.98322337903309,30.702990797534817,98.2138479468964,38804,1.2563609693507758e-07,0
celeba_00133.jpg,0.007080078125,178,218,0.8165137614678899,142.25584991238017,60.43139974293983,306.687332636274,38804,1.8245743029069168e-07,0
celeba_00134.jpg,0.005593299865722656,178,218,0.8165137614678899,110.61898257911555,85.61698041127514,287.86570294595225,38804,1.4414235299769756e-07,0
celeba_00135.jpg,0.0064220428466796875,178,218,0.8165137614678899,82.03860426760127,71.71261434396288,477.80680077859597,38804,1.6549950640860962e-07,0
celeba_00136.jpg,0.004878044128417969,178,218,0.8165137614678899,31.88722812081229,45.123433237600025,358.35765166741953,38804,1.257098270389127e-07,0
celeba_00137.jpg,0.005301475524902344,178,218,0.8165137614678899,175.6395990104113,74.89410260696474,347.9244507749815,38804,1.3662188240651333e-07,0
celeba_00138.jpg,0.00598907470703125,178,218,0.8165137614678899,153.95214410885475,80.22253094987185,335.4894051093525,38804,1.543416840282252e-07,0
celeba_00139.jpg,0.0075588226318359375,178,218,0.8165137614678899,76.0650963818163,63.99060022363618,797.1273022500695,38804,1.9479493433243835e-07,0
celeba_00140.jpg,0.008941650390625,178,218,0.8165137614678899,61.499536130295844,62.12996199000906,3466.8735556364604,38804,2.3043115118608906e-07,0
celeba_00141.jpg,0.008049964904785156,178,218,0.8165137614678899,139.68328007421914,80.59086406144876,1832.7876977900164,38804,2.0745193549080395e-07,0
celeba_00142.jpg,0.006691932678222656,178,218,0.8165137614678899,141.0578806308628,75.64126839487628,489.7857856703391,38804,1.724547128703911e-07,0
celeba_00143.jpg,0.006127357482910156,178,218,0.8165137614678899,172.4507524997423,65.57313449601826,556.7134571835974,38804,1.5790530571359024e-07,0
celeba_00144.jpg,0.006863594055175781,178,218,0.8165137614678899,157.48747551798783,66.36246746280091,1006.1874659279523,38804,1.7687851910049946e-07,0
celeba_00145.jpg,0.006252288818359375,178,218,0.8165137614678899,181.85627770332957,75.75049605331473,1004.3277148548369,38804,1.6112485358105802e-07,0
celeba_00146.jpg,0.007317543029785156,178,218,0.8165137614678899,107.54025358210494,67.12535681523057,603.4129946831773,38804,1.8857702890900826e-07,0
celeba_00147.jpg,0.0054912567138671875,178,218,0.8165137614678899,62.99917534274817,65.57828286661612,206.74539596939417,38804,1.4151264596091093e-07,0
celeba_00148.jpg,0.006686210632324219,178,218,0.8165137614678899,65.987295124214,63.93439983395507,1124.6001183525489,38804,1.7230725266272082e-07,0
celeba_00149.jpg,0.005742073059082031,178,218,0.8165137614678899,71.32751778167199,75.49297465430317,196.27490738943285,38804,1.4797631839712482e-07,0
celeba_00150.jpg,0.004887580871582031,178,218,0.8165137614678899,155.26386455004638,67.52547334014886,115.18100162225026,38804,1.2595559405169651e-07,0
celeba_00151.jpg,0.004578590393066406,178,218,0.8165137614678899,202.25087619833008,66.8336444102627,377.99976806448376,38804,1.1799274283750145e-07,0
celeba_00152.jpg,0.007468223571777344,178,218,0.8165137614678899,122.57092052365735,74.88100029653532,965.6846145211359,38804,1.9246014771099225e-07,0
celeba_00153.jpg,0.006199836730957031,178,218,0.8165137614678899,112.36820946294196,38.848258288156686,862.9825188133967,38804,1.5977313501074712e-07,0
celeba_00154.jpg,0.008955001831054688,178,218,0.8165137614678899,85.4349036181837,61.68964518142013,582.4136202795511,38804,2.3077522500398637e-07,0
celeba_00155.jpg,0.0059661865234375,178,218,0.8165137614678899,94.60550458715596,47.580967690320136,221.63849471850324,38804,1.5375184319754407e-07,0
celeba_00156.jpg,0.008225440979003906,178,218,0.8165137614678899,138.7777548706319,59.44803870781321,593.5445447972568,38804,2.1197404852602584e-07,0
celeba_00157.jpg,0.00495147705078125,178,218,0.8165137614678899,55.230105143799605,53.62818934365023,91.6380805960873,38804,1.2760223303734796e-07,0
celeba_00158.jpg,0.0056896209716796875,178,218,0.8165137614678899,62.56824038758891,56.05274730879996,401.55722259883476,38804,1.4662459982681393e-07,0
celeba_00159.jpg,0.006171226501464844,178,218,0.8165137614678899,139.92201834862385,92.5945798165811,860.8375326180219,38804,1.5903583397239573e-07,0
celeba_00160.jpg,0.007367134094238281,178,218,0.8165137614678899,121.41931244201629,63.53686782502371,1932.9375970599096,38804,1.89855017375484e-07,0
celeba_00161.jpg,0.007075309753417969,178,218,0.8165137614678899,160.40717451809093,66.07931713510128,328.80465921783946,38804,1.8233454678429977e-07,0
celeba_00162.jpg,0.006064414978027344,178,218,0.8165137614678899,66.79677352850221,55.314722430621366,504.1229328061498,38804,1.562832434292172e-07,0
celeba_00163.jpg,0.010113716125488281,178,218,0.8165137614678899,114.61460158746522,53.16759346359729,2592.5935490088546,38804,2.6063591705721787e-07,0
celeba_00164.jpg,0.0054035186767578125,178,218,0.8165137614678899,164.64282032780125,71.95793976763153,149.30798675668436,38804,1.3925158944329999e-07,0
celeba_00165.jpg,0.00940704345703125,178,218,0.8165137614678899,105.7697660035048,71.10307613289407,1328.1863882247799,38804,2.424245814099384e-07,0
celeba_00166.jpg,0.007997512817382812,178,218,0.8165137614678899,134.6351407071436,67.94512608569842,1127.199508923131,38804,2.0610021692049306e-07,0
celeba_00167.jpg,0.0062999725341796875,178,218,0.8165137614678899,83.5433460467993,62.235343395275116,282.9689046600934,38804,1.62353688644977e-07,0
celeba_00168.jpg,0.006191253662109375,178,218,0.8165137614678899,156.37877538398104,34.548314598977036,268.17314986151064,38804,1.595519446992417e-07,0
celeba_00169.jpg,0.0062160491943359375,178,218,0.8165137614678899,119.25059272239976,63.54201769288105,559.1061741722274,38804,1.601909389324796e-07,0
celeba_00170.jpg,0.007163047790527344,178,218,0.8165137614678899,150.56249355736523,72.460809026585,503.53330665923585,38804,1.8459560330191072e-07,0
celeba_00171.jpg,0.0077152252197265625,178,218,0.8165137614678899,99.97928048654778,54.38520595983678,690.1866880832395,38804,1.9882551334209264e-07,0
celeba_00172.jpg,0.005702018737792969,178,218,0.8165137614678899,170.04842284300588,41.31250251400466,324.53053053647636,38804,1.4694409694343287e-07,0
celeba_00173.jpg,0.008732795715332031,178,218,0.8165137614678899,91.18683640861767,64.86356225956172,3239.847219137013,38804,2.2504885360612387e-07,0
celeba_00174.jpg,0.0051555633544921875,178,218,0.8165137614678899,104.03069271209154,82.98051090656718,149.45576653123103,38804,1.3286164711092122e-07,0
celeba_00175.jpg,0.0058422088623046875,178,218,0.8165137614678899,109.27747139470158,69.54125444751733,410.9729241947624,38804,1.505568720313547e-07,0
celeba_00176.jpg,0.006281852722167969,178,218,0.8165137614678899,157.08493969693845,83.21412134801065,1405.8274485955712,38804,1.618867313206878e-07,0
celeba_00177.jpg,0.004773139953613281,178,218,0.8165137614678899,98.60859705185032,52.055430978346486,297.2679931227062,38804,1.2300638989829093e-07,0
celeba_00178.jpg,0.008379936218261719,178,218,0.8165137614678899,133.6685393258427,51.7246120330577,1143.5206334985332,38804,2.1595547413312335e-07,0
celeba_00179.jpg,0.006259918212890625,178,218,0.8165137614678899,81.07898670240182,70.19452056310922,439.424593378296,38804,1.6132146719128505e-07,0
celeba_00180.jpg,0.007019996643066406,178,218,0.8165137614678899,97.58576435419029,63.75715397043522,1278.2850432896707,38804,1.8090909811015376e-07,0
celeba_00181.jpg,0.006361961364746094,178,218,0.8165137614678899,84.22765694258324,66.83021180992901,535.1474160396314,38804,1.639511742280717e-07,0
celeba_00182.jpg,0.007826805114746094,178,218,0.8165137614678899,132.55502010102052,66.60107091827577,1204.1459567732238,38804,2.0170098739166308e-07,0
celeba_00183.jpg,0.006496429443359375,178,218,0.8165137614678899,82.868647562107,61.27132593078902,590.6435238089285,38804,1.6741648910832323e-07,0
celeba_00184.jpg,0.0060882568359375,178,218,0.8165137614678899,180.94967013709928,67.73733596385756,214.19010872981224,38804,1.568976609611767e-07,0
celeba_00185.jpg,0.006825447082519531,178,218,0.8165137614678899,127.76084939696939,59.76530108992802,464.91272938290206,38804,1.7589545104936428e-07,0
celeba_00186.jpg,0.0062351226806640625,178,218,0.8165137614678899,150.57677043603752,64.81818797643908,480.9666528267458,38804,1.6068247295804718e-07,0
celeba_00187.jpg,0.0065631866455078125,178,218,0.8165137614678899,110.03009998969178,78.98863385970853,938.4367724026582,38804,1.6913685819780983e-07,0
celeba_00188.jpg,0.007556915283203125,178,218,0.8165137614678899,111.50445830326771,72.90881245948238,1189.3597052720324,38804,1.947457809298816e-07,0
celeba_00189.jpg,0.008170127868652344,178,218,0.8165137614678899,117.22652303886197,58.73551837705134,769.6721503040914,38804,2.105485998518798e-07,0
celeba_00190.jpg,0.0058879852294921875,178,218,0.8165137614678899,124.5336563240903,53.206523635998984,398.27773946502435,38804,1.5173655369271694e-07,0
celeba_00191.jpg,0.0053253173828125,178,218,0.8165137614678899,78.31839501082362,65.72098478562759,551.6561358917799,38804,1.3723629993847283e-07,0
celeba_00192.jpg,0.004917144775390625,178,218,0.8165137614678899,189.35300484486135,62.909919625695686,430.93776420580446,38804,1.267174717913263e-07,0
celeba_00193.jpg,0.004494667053222656,178,218,0.8165137614678899,45.39964952066797,59.897120900221026,441.46327072772993,38804,1.1582999312500402e-07,0
celeba_00194.jpg,0.004635810852050781,178,218,0.8165137614678899,133.38387795072674,44.20013269885022,105.85334314793906,38804,1.1946734491420425e-07,0
celeba_00195.jpg,0.00687408447265625,178,218,0.8165137614678899,93.38975363364601,66.89923052465066,500.42907102540687,38804,1.7714886281456164e-07,0
celeba_00196.jpg,0.00353240966796875,178,218,0.8165137614678899,207.90055148953715,56.03952984245458,22.628440364316,38804,9.103210153511881e-08,0
celeba_00197.jpg,0.009159088134765625,178,218,0.8165137614678899,87.3790073188331,81.02793918551,1274.0327978093019,38804,2.3603463907755965e-07,0
celeba_00198.jpg,0.006310462951660156,178,218,0.8165137614678899,77.36359653643954,63.757494595642434,437.1300161314383,38804,1.6262403235903919e-07,0
celeba_00199.jpg,0.007573127746582031,178,218,0.8165137614678899,145.94585609730956,88.06692220354371,1302.886945184148,38804,1.9516358485161403e-07,0
celeba_00200.jpg,0.0068950653076171875,178,218,0.8165137614678899,136.27226574579942,96.10376516992983,2566.559091829599,38804,1.77689550242686e-07,0
celeba_00201.jpg,0.0078277587890625,178,218,0.8165137614678899,105.4968559942274,70.04194125008078,519.819306709725,38804,2.0172556409294145e-07,0
celeba_00202.jpg,0.006092071533203125,178,218,0.8165137614678899,62.77236882795588,44.872148933023816,951.3735174840557,38804,1.569959677662902e-07,0
celeba_00203.jpg,0.005148887634277344,178,218,0.8165137614678899,165.00530873105865,77.08565026792722,76.84206069646538,38804,1.3268961020197256e-07,0
celeba_00204.jpg,0.00777435302734375,178,218,0.8165137614678899,159.7447685805587,68.14402118026781,581.5295366400218,38804,2.003492688213522e-07,0
celeba_00205.jpg,0.006168365478515625,178,218,0.8165137614678899,162.21629213483146,79.85729135321812,314.6793881855384,38804,1.5896210386856057e-07,0
celeba_00206.jpg,0.005776405334472656,178,218,0.8165137614678899,122.35973095557159,64.50645000660136,164.17219596106025,38804,1.488610796431465e-07,0
celeba_00207.jpg,0.007395744323730469,178,218,0.8165137614678899,128.19536645706629,64.86224130851785,725.1779183968029,38804,1.905923184138354e-07,0
celeba_00208.jpg,0.0074024200439453125,178,218,0.8165137614678899,99.33452736831255,70.5738656357866,523.5271736474818,38804,1.9076435532278405e-07,0
celeba_00209.jpg,0.006549835205078125,178,218,0.8165137614678899,87.76177713637769,39.22636035056205,218.0879506680475,38804,1.6879278437991252e-07,0
celeba_00210.jpg,0.004772186279296875,178,218,0.8165137614678899,135.41647768271312,46.64777213870815,702.3561735047862,38804,1.2298181319701255e-07,0
celeba_00211.jpg,0.00585174560546875,178,218,0.8165137614678899,59.84058344500567,50.80611031667878,326.24343670246077,38804,1.5080263904413848e-07,0
celeba_00212.jpg,0.007349967956542969,178,218,0.8165137614678899,130.11138027007524,70.69655983263749,375.6460504461186,38804,1.8941263675247316e-07,0
celeba_00213.jpg,0.0063610076904296875,178,218,0.8165137614678899,90.50670034017112,53.67214103493238,519.272012821413,38804,1.639265975267933e-07,0
celeba_00214.jpg,0.00720977783203125,178,218,0.8165137614678899,113.9663436759097,62.484168089607664,834.3776775997915,38804,1.8579986166455133e-07,0
celeba_00215.jpg,0.0063323974609375,178,218,0.8165137614678899,85.42578084733533,47.266375226037425,626.8941929689628,38804,1.631892964884419e-07,0
celeba_00216.jpg,0.008256912231445312,178,218,0.8165137614678899,107.16183898567158,59.03171973552667,618.2939759194461,38804,2.1278507966821236e-07,0
celeba_00217.jpg,0.007306098937988281,178,218,0.8165137614678899,121.8808370271106,58.44783831671493,483.63312971782705,38804,1.882821084936677e-07,0
celeba_00218.jpg,0.007889747619628906,178,218,0.8165137614678899,111.56434903618184,62.9563767106278,923.5366940672325,38804,2.0332304967603613e-07,0
celeba_00219.jpg,0.0057048797607421875,178,218,0.8165137614678899,107.95868982579115,65.66383339461247,168.6122560858718,38804,1.47017827047268e-07,0
celeba_00220.jpg,0.007236480712890625,178,218,0.8165137614678899,89.6525615915885,54.19684545998093,735.5510040064967,38804,1.8648800930034597e-07,0
celeba_00221.jpg,0.0069751739501953125,178,218,0.8165137614678899,109.22350788578497,68.49200718962534,399.9238144816159,38804,1.797539931500699e-07,0
celeba_00222.jpg,0.0053081512451171875,178,218,0.8165137614678899,64.77059066075662,66.006088945726,248.41876539783735,38804,1.3679391931546201e-07,0
celeba_00223.jpg,0.006499290466308594,178,218,0.8165137614678899,61.05646325121121,65.71348545878979,415.90853451705107,38804,1.6749021921215838e-07,0
celeba_00224.jpg,0.005785942077636719,178,218,0.8165137614678899,161.03491908050717,89.55902425207157,697.9646356371985,38804,1.4910684665593028e-07,0
celeba_00225.jpg,0.007006645202636719,178,218,0.8165137614678899,127.23714050097928,84.94156686993178,703.268659666105,38804,1.8056502429225645e-07,0
celeba_00226.jpg,0.005831718444824219,178,218,0.8165137614678899,163.09983506854962,75.80664678718762,205.73652187787275,38804,1.5028652831729252e-07,0
celeba_00227.jpg,0.007160186767578125,178,218,0.8165137614678899,115.52316771466859,67.77977790812331,1005.5702485530643,38804,1.845218731980756e-07,0
celeba_00228.jpg,0.007053375244140625,178,218,0.8165137614678899,121.91959591794661,60.16410638773672,390.09116418334764,38804,1.8176928265489706e-07,0
celeba_00229.jpg,0.007884025573730469,178,218,0.8165137614678899,121.75515410782394,48.263408823392844,732.3709699914837,38804,2.0317558946836585e-07,0
celeba_00230.jpg,0.005541801452636719,178,218,0.8165137614678899,91.5880063910937,69.6933818147075,368.9001910632711,38804,1.4281521112866504e-07,0
celeba_00231.jpg,0.0049152374267578125,178,218,0.8165137614678899,117.75177816719926,65.8025289435139,283.711015381848,38804,1.266683183887695e-07,0
celeba_00232.jpg,0.0055561065673828125,178,218,0.8165137614678899,46.975002577053914,58.194514600140074,661.1798895063364,38804,1.4318386164784075e-07,0
celeba_00233.jpg,0.010034561157226562,178,218,0.8165137614678899,164.2480156684878,67.13008208132553,3123.800218505136,38804,2.5859605085111233e-07,0
celeba_00234.jpg,0.0074005126953125,178,218,0.8165137614678899,64.42018864034635,55.86952588755514,1225.2406710057319,38804,1.907152019202273e-07,0
celeba_00235.jpg,0.006569862365722656,178,218,0.8165137614678899,93.6308370271106,65.98274607517484,649.493443157714,38804,1.6930889510675848e-07,0
celeba_00236.jpg,0.005930900573730469,178,218,0.8165137614678899,126.07326564271725,62.331096317420716,396.46284555036107,38804,1.5284250525024402e-07,0
celeba_00237.jpg,0.005352020263671875,178,218,0.8165137614678899,89.32754355221111,43.33459766686738,304.38579519475957,38804,1.3792444757426747e-07,0
celeba_00238.jpg,0.006510734558105469,178,218,0.8165137614678899,99.71933305844759,73.24015956779884,1313.3782177723137,38804,1.6778513962749894e-07,0
celeba_00239.jpg,0.006278038024902344,178,218,0.8165137614678899,153.44961859602103,92.53423693009805,258.2641995431466,38804,1.6178842451557426e-07,0
celeba_00240.jpg,0.0048370361328125,178,218,0.8165137614678899,123.61578703226472,44.82885561171205,82.05995699289915,38804,1.2465302888394238e-07,0
celeba_00241.jpg,0.006552696228027344,178,218,0.8165137614678899,177.55710751468922,64.2846429506338,812.5334300209817,38804,1.6886651448374765e-07,0
celeba_00242.jpg,0.005902290344238281,178,218,0.8165137614678899,118.16413256365323,37.90984728232945,291.3359149342583,38804,1.5210520421189262e-07,0
celeba_00243.jpg,0.005908966064453125,178,218,0.8165137614678899,168.34171734872695,65.91296173427467,259.0149207908305,38804,1.5227724112084128e-07,0
celeba_00244.jpg,0.00884246826171875,178,218,0.8165137614678899,85.03167199257808,62.92826594510841,1637.447371647281,38804,2.2787517425313756e-07,0
celeba_00245.jpg,0.00765228271484375,178,218,0.8165137614678899,183.8537264199567,67.12203002385458,2534.5550591592864,38804,1.9720345105771957e-07,0
celeba_00246.jpg,0.006869316101074219,178,218,0.8165137614678899,160.82762086382846,84.79600301005189,601.7463769819075,38804,1.7702597930816974e-07,0
celeba_00247.jpg,0.007073402404785156,178,218,0.8165137614678899,102.483635707659,60.82588922775598,977.7957287252046,38804,1.8228539338174302e-07,0
celeba_00248.jpg,0.0064449310302734375,178,218,0.8165137614678899,116.92005978765076,68.44922168679058,457.0390203438602,38804,1.6608934723929074e-07,0
celeba_00249.jpg,0.0040988922119140625,178,218,0.8165137614678899,179.34880424698486,51.468863012214,274.273580040638,38804,1.0563066209447641e-07,0
celeba_00250.jpg,0.0065898895263671875,178,218,0.8165137614678899,135.34452633749098,51.85274505819285,389.389675784755,38804,1.6982500583360445e-07,0
celeba_00251.jpg,0.0056819915771484375,178,218,0.8165137614678899,130.24976806514792,58.17589829080318,312.72623278823653,38804,1.4642798621658688e-07,0
celeba_00252.jpg,0.005481719970703125,178,218,0.8165137614678899,147.2368827955881,62.702730592896465,276.65975582503177,38804,1.4126687894812712e-07,0
celeba_00253.jpg,0.0054473876953125,178,218,0.8165137614678899,76.20876713740851,91.85076611094209,271.3119477325119,38804,1.4038211770210544e-07,0
celeba_00254.jpg,0.005771636962890625,178,218,0.8165137614678899,54.56499329965983,45.52359235895447,307.5945569899813,38804,1.487381961367546e-07,0
celeba_00255.jpg,0.0082550048828125,178,218,0.8165137614678899,159.67853829502113,52.71129062088102,916.3348420472892,38804,2.127359262656556e-07,0
celeba_00256.jpg,0.007502555847167969,178,218,0.8165137614678899,84.53231625605608,69.59637126454085,1164.9686779558558,38804,1.9334490895701393e-07,0
celeba_00257.jpg,0.0070781707763671875,178,218,0.8165137614678899,120.278424904649,59.49111670788397,221.6597891499437,38804,1.8240827688813493e-07,0
celeba_00258.jpg,0.008087158203125,178,218,0.8165137614678899,98.56030306154005,55.573667594602476,1491.8980022323965,38804,2.0841042684066075e-07,0
celeba_00259.jpg,0.0061931610107421875,178,218,0.8165137614678899,119.94497989897948,67.03950872917028,350.5164334771135,38804,1.5960109810179847e-07,0
celeba_00260.jpg,0.009890556335449219,178,218,0.8165137614678899,125.61156066384909,61.7345826613299,1314.4912628886832,38804,2.54884968958077e-07,0
celeba_00261.jpg,0.007372856140136719,178,218,0.8165137614678899,77.64606741573034,58.41928960405705,1124.731859654356,38804,1.9000247758315428e-07,0
celeba_00262.jpg,0.0064258575439453125,178,218,0.8165137614678899,155.3844706731265,78.59555711906685,904.0621835166075,38804,1.6559781321372312e-07,0
celeba_00263.jpg,0.004204750061035156,178,218,0.8165137614678899,78.85442222451293,74.68152232034076,94.80064840373917,38804,1.0835867593637656e-07,0
celeba_00264.jpg,0.006130218505859375,178,218,0.8165137614678899,84.93763529533038,74.81308204149414,419.3845411223848,38804,1.579790358174254e-07,0
celeba_00265.jpg,0.0060367584228515625,178,218,0.8165137614678899,76.52185341717349,69.92589928114499,174.17594957582932,38804,1.5557051909214417e-07,0
celeba_00266.jpg,0.005585670471191406,178,218,0.8165137614678899,109.98626430264922,53.97485443060406,100.81948125193146,38804,1.4394573938747053e-07,0
celeba_00267.jpg,0.005547523498535156,178,218,0.8165137614678899,175.61279764972684,90.30133202805942,360.6725771178535,38804,1.4296267133633532e-07,0
celeba_00268.jpg,0.005137443542480469,178,218,0.8165137614678899,118.70889599010411,70.46610463265588,144.79719766452982,38804,1.32394689786632e-07,0
celeba_00269.jpg,0.006031036376953125,178,218,0.8165137614678899,162.8466652922379,65.0536431606055,398.8108930583885,38804,1.554230588844739e-07,0
celeba_00270.jpg,0.00574493408203125,178,218,0.8165137614678899,166.3065405628286,80.35545303583766,1134.3777146470998,38804,1.4805004850095995e-07,0
celeba_00271.jpg,0.0084991455078125,178,218,0.8165137614678899,146.05543242964643,49.78239830329439,526.7317670546802,38804,2.1902756179292082e-07,0
celeba_00272.jpg,0.0074672698974609375,178,218,0.8165137614678899,105.35364910833934,79.97680732021816,329.58450005435697,38804,1.9243557100971388e-07,0
celeba_00273.jpg,0.005711555480957031,178,218,0.8165137614678899,185.91006081847232,73.90394102151738,512.6496752672988,38804,1.4718986395621665e-07,0
celeba_00274.jpg,0.009088516235351562,178,218,0.8165137614678899,88.83916606535409,78.21561997983103,3900.725673426612,38804,2.3421596318295955e-07,0
celeba_00275.jpg,0.005236625671386719,178,218,0.8165137614678899,76.54775280898876,66.07593031508947,250.35721246913474,38804,1.349506667195835e-07,0
celeba_00276.jpg,0.007699012756347656,178,218,0.8165137614678899,116.16400371095763,59.9404177671837,465.90584263999295,38804,1.9840770942036018e-07,0
celeba_00277.jpg,0.006622314453125,178,218,0.8165137614678899,150.2673951139058,65.36052820518316,403.70477666466076,38804,1.7066061367706938e-07,0
celeba_00278.jpg,0.0066375732421875,178,218,0.8165137614678899,105.35898360993713,63.40799184251056,207.17225006830083,38804,1.7105384089752346e-07,0
celeba_00279.jpg,0.006506919860839844,178,218,0.8165137614678899,73.32481187506443,72.48051148891287,349.4721609082391,38804,1.676868328223854e-07,0
celeba_00280.jpg,0.0063076019287109375,178,218,0.8165137614678899,151.8430058756829,74.91801442557345,998.3869929344254,38804,1.6255030225520403e-07,0
celeba_00281.jpg,0.007042884826660156,178,218,0.8165137614678899,126.01535924131532,77.74627397068902,738.8387369470931,38804,1.8149893894083487e-07,0
celeba_00282.jpg,0.009099006652832031,178,218,0.8165137614678899,131.43642407999175,78.52091750010553,2826.4407527362755,38804,2.3448630689702173e-07,0
celeba_00283.jpg,0.006661415100097656,178,218,0.8165137614678899,75.04594887125039,55.556799402304655,738.1704465609126,38804,1.7166825842948296e-07,0
celeba_00284.jpg,0.008959770202636719,178,218,0.8165137614678899,111.27559014534584,54.77189695252864,2794.2799481976035,38804,2.3089810851037828e-07,0
celeba_00285.jpg,0.0059146881103515625,178,218,0.8165137614678899,85.2024533553242,59.677770857870456,220.98436156434045,38804,1.5242470132851155e-07,0
celeba_00286.jpg,0.0068111419677734375,178,218,0.8165137614678899,91.08981032883207,50.59323314386612,239.02361871371383,38804,1.7552680053018857e-07,0
celeba_00287.jpg,0.005669593811035156,178,218,0.8165137614678899,130.04409339243378,44.34823608227332,159.2828547828872,38804,1.4610848909996794e-07,0
celeba_00288.jpg,0.006342887878417969,178,218,0.8165137614678899,169.07800742191526,57.59519463009259,404.3654777193832,38804,1.6345964020250408e-07,0
celeba_00289.jpg,0.006839752197265625,178,218,0.8165137614678899,106.73763014122255,64.8144520920407,382.96021339037105,38804,1.7626410156853997e-07,0
celeba_00290.jpg,0.0064983367919921875,178,218,0.8165137614678899,137.17201834862385,73.74634792323842,981.6929105095463,38804,1.6746564251088e-07,0
celeba_00291.jpg,0.00815582275390625,178,218,0.8165137614678899,66.7457994021235,64.23048509129404,2142.981912967972,38804,2.101799493327041e-07,0
celeba_00292.jpg,0.008260726928710938,178,218,0.8165137614678899,157.71812184310895,58.283292120610774,1243.7307473830379,38804,2.128833864733259e-07,0
celeba_00293.jpg,0.007248878479003906,178,218,0.8165137614678899,119.3596278734151,86.523857755276,586.987787646077,38804,1.868075064169649e-07,0
celeba_00294.jpg,0.006834983825683594,178,218,0.8165137614678899,89.9281001958561,62.79631364589253,821.0818287557424,38804,1.7614121806214806e-07,0
celeba_00295.jpg,0.0061359405517578125,178,218,0.8165137614678899,107.9484073806824,38.51237179062715,303.9174032278667,38804,1.5812649602509568e-07,0
celeba_00296.jpg,0.005191802978515625,178,218,0.8165137614678899,160.64650551489538,91.26082762501046,267.1580348140512,38804,1.3379556175949967e-07,0
celeba_00297.jpg,0.006522178649902344,178,218,0.8165137614678899,90.14364498505309,69.55378664936636,714.4973198612751,38804,1.680800600428395e-07,0
celeba_00298.jpg,0.006400108337402344,178,218,0.8165137614678899,155.53700649417587,94.69452754799642,538.998831572629,38804,1.6493424227920688e-07,0
celeba_00299.jpg,0.009699821472167969,178,218,0.8165137614678899,156.6147304401608,79.24062205324506,4375.594419993174,38804,2.49969628702401e-07,0
celeba_00300.jpg,0.007343292236328125,178,218,0.8165137614678899,65.04602618286775,52.411643340233944,621.0815354807114,38804,1.892405998435245e-07,0
celeba_00301.jpg,0.006683349609375,178,218,0.8165137614678899,84.11828677455932,65.96916128610633,600.6071580324902,38804,1.7223352255888567e-07,0
celeba_00302.jpg,0.006222724914550781,178,218,0.8165137614678899,181.76352953303783,38.88823894189788,886.9795387092889,38804,1.6036297584142824e-07,0
celeba_00303.jpg,0.005438804626464844,178,218,0.8165137614678899,180.19477373466654,88.15197263158753,1349.977527611721,38804,1.4016092739060004e-07,0
celeba_00304.jpg,0.006711006164550781,178,218,0.8165137614678899,137.8999329965983,69.52166416643753,828.0150748562038,38804,1.729462468959587e-07,0
celeba_00305.jpg,0.007344245910644531,178,218,0.8165137614678899,109.92258530048449,63.50647445624851,848.7205938782886,38804,1.8926517654480288e-07,0
celeba_00306.jpg,0.008992195129394531,178,218,0.8165137614678899,98.40851458612514,68.61073082215064,3339.395282227835,38804,2.317337163538432e-07,0
celeba_00307.jpg,0.006117820739746094,178,218,0.8165137614678899,153.41119472219358,69.9713466797299,239.8893037602853,38804,1.5765953870080646e-07,0
celeba_00308.jpg,0.006821632385253906,178,218,0.8165137614678899,123.1234924234615,78.50430130099966,568.4240938765246,38804,1.7579714424425075e-07,0
celeba_00309.jpg,0.006102561950683594,178,218,0.8165137614678899,158.2897897124008,72.11127143776767,186.84462245966267,38804,1.5726631148035237e-07,0
celeba_00310.jpg,0.007485389709472656,178,218,0.8165137614678899,150.37565714874756,66.39794865003788,581.4680251145952,38804,1.929025283340031e-07,0
celeba_00311.jpg,0.006180763244628906,178,218,0.8165137614678899,94.08816101432842,31.019770257355905,202.26107663449585,38804,1.5928160098517954e-07,0
celeba_00312.jpg,0.00739288330078125,178,218,0.8165137614678899,85.0934955159262,60.53613777624872,413.4240380956999,38804,1.9051858831000027e-07,0
celeba_00313.jpg,0.007563591003417969,178,218,0.8165137614678899,93.2294351097825,52.1885518313531,884.3042185677868,38804,1.9491781783883025e-07,0
celeba_00314.jpg,0.006520271301269531,178,218,0.8165137614678899,147.0126791052469,50.12424048938469,74.5336027587722,38804,1.6803090664028275e-07,0
celeba_00315.jpg,0.006237983703613281,178,218,0.8165137614678899,177.03290897845582,69.59084684587604,713.3878532815229,38804,1.607562030618823e-07,0
celeba_00316.jpg,0.007166862487792969,178,218,0.8165137614678899,90.6288526955984,50.16602081880066,308.91388443222587,38804,1.8469391010702424e-07,0
celeba_00317.jpg,0.004126548767089844,178,218,0.8165137614678899,73.4380476239563,63.14491493459229,169.43183222670282,38804,1.0634338643154942e-07,0
celeba_00318.jpg,0.0076236724853515625,178,218,0.8165137614678899,121.49891763735697,64.29257080101563,1667.2380865515233,38804,1.9646615001936817e-07,0
celeba_00319.jpg,0.007321357727050781,178,218,0.8165137614678899,152.810509225853,69.2575283885389,631.9273215774426,38804,1.8867533571412176e-07,0
celeba_00320.jpg,0.007449150085449219,178,218,0.8165137614678899,135.42147716730233,93.72975117076636,614.7525788496943,38804,1.9196861368542466e-07,0
celeba_00321.jpg,0.006579399108886719,178,218,0.8165137614678899,129.0136326151943,81.96323759458605,694.5782405329252,38804,1.695546621195423e-07,0
celeba_00322.jpg,0.007483482360839844,178,218,0.8165137614678899,173.97162663642922,36.69180595006319,549.3491629777508,38804,1.9285337493144634e-07,0
celeba_00323.jpg,0.005209922790527344,178,218,0.8165137614678899,73.39279455726214,71.11088698101025,485.4072761518001,38804,1.342625190837889e-07,0
celeba_00324.jpg,0.0077457427978515625,178,218,0.8165137614678899,102.41065354087208,64.98075116329339,980.1345268869578,38804,1.996119677830008e-07,0
celeba_00325.jpg,0.0062732696533203125,178,218,0.8165137614678899,107.71979692815174,33.01035280374325,233.7094975134312,38804,1.6166554100918236e-07,0
celeba_00326.jpg,0.0057239532470703125,178,218,0.8165137614678899,145.8601175136584,73.63750773942733,599.3603598752052,38804,1.475093610728356e-07,0
celeba_00327.jpg,0.006594657897949219,178,218,0.8165137614678899,101.56687454901557,63.515369244040585,399.1132903309787,38804,1.6994788933999635e-07,0
celeba_00328.jpg,0.005866050720214844,178,218,0.8165137614678899,128.03133697556953,85.75179965795967,281.8680078485199,38804,1.511712895633142e-07,0
celeba_00329.jpg,0.00536346435546875,178,218,0.8165137614678899,46.500541181321516,46.14955011584777,282.98407102548657,38804,1.3821936798960803e-07,0
celeba_00330.jpg,0.0055103302001953125,178,218,0.8165137614678899,88.20884444902588,84.46512336070043,292.74568137725157,38804,1.4200417998647852e-07,0
celeba_00331.jpg,0.011091232299804688,178,218,0.8165137614678899,144.2954592310071,68.96674678902501,4105.428579799243,38804,2.8582703586755714e-07,0
celeba_00332.jpg,0.0065250396728515625,178,218,0.8165137614678899,106.56120503040924,56.92842591082399,254.28450142563332,38804,1.6815379014667462e-07,0
celeba_00333.jpg,0.005423545837402344,178,218,0.8165137614678899,56.59334089269147,61.877233324533336,639.7834647066768,38804,1.3976770017014595e-07,0
celeba_00334.jpg,0.008106231689453125,178,218,0.8165137614678899,175.3145809710339,47.21400725348393,1494.798451673149,38804,2.0890196086622834e-07,0
celeba_00335.jpg,0.008455276489257812,178,218,0.8165137614678899,171.97376559117617,43.8991524561313,1083.6973353723452,38804,2.1789703353411536e-07,0
celeba_00336.jpg,0.007813453674316406,178,218,0.8165137614678899,71.43925883929492,73.56093956394287,1216.044783312881,38804,2.0135691357376574e-07,0
celeba_00337.jpg,0.0055103302001953125,178,218,0.8165137614678899,78.56659107308525,42.734528751952524,691.9242599704519,38804,1.4200417998647852e-07,0
celeba_00338.jpg,0.007473945617675781,178,218,0.8165137614678899,74.52236882795589,67.81204574928147,330.4698276018939,38804,1.9260760791866253e-07,0
celeba_00339.jpg,0.006659507751464844,178,218,0.8165137614678899,62.94964436656015,59.623558300293716,512.9350804628966,38804,1.7161910502692618e-07,0
celeba_00340.jpg,0.008128166198730469,178,218,0.8165137614678899,167.50845273683126,78.51726062561312,3629.715832227935,38804,2.0946722499563108e-07,0
celeba_00341.jpg,0.006405830383300781,178,218,0.8165137614678899,96.17753324399547,68.40886459153275,349.3745714336233,38804,1.6508170248687716e-07,0
celeba_00342.jpg,0.00742340087890625,178,218,0.8165137614678899,96.67735285022162,70.82486236630015,311.014342129858,38804,1.9130504275090842e-07,0
celeba_00343.jpg,0.006028175354003906,178,218,0.8165137614678899,51.521028759921656,52.088418837445566,218.7499876520041,38804,1.5534932878063877e-07,0
celeba_00344.jpg,0.006510734558105469,178,218,0.8165137614678899,111.57527574476858,74.45319570491174,360.8699007100258,38804,1.6778513962749894e-07,0
celeba_00345.jpg,0.010399818420410156,178,218,0.8165137614678899,125.00605607669313,57.04279096839787,5356.0871747738565,38804,2.680089274407318e-07,0
celeba_00346.jpg,0.006069183349609375,178,218,0.8165137614678899,86.3228017730131,59.953073810254175,398.0789566814903,38804,1.564061269356091e-07,0
celeba_00347.jpg,0.006766319274902344,178,218,0.8165137614678899,93.45289145448923,61.82809307781767,503.31260210855555,38804,1.7437169557010474e-07,0
celeba_00348.jpg,0.006885528564453125,178,218,0.8165137614678899,94.07450262859498,58.4254440500422,1142.7159272025065,38804,1.774437832299022e-07,0
celeba_00349.jpg,0.0059642791748046875,178,218,0.8165137614678899,157.02079682506957,37.09795864518263,552.4808117336759,38804,1.5370268979498732e-07,0
celeba_00350.jpg,0.005741119384765625,178,218,0.8165137614678899,42.953844964436655,57.1628024084364,2346.95211788937,38804,1.4795174169584642e-07,0
celeba_00351.jpg,0.00684356689453125,178,218,0.8165137614678899,126.1981239047521,75.22709747697525,381.56726105397274,38804,1.763624083736535e-07,0
celeba_00352.jpg,0.006427764892578125,178,218,0.8165137614678899,147.83140913307906,49.43521734878832,538.3500658318928,38804,1.656469666162799e-07,0
celeba_00353.jpg,0.007905960083007812,178,218,0.8165137614678899,163.99391815276775,68.50183317587883,2094.5544984415264,38804,2.037408535977686e-07,0
celeba_00354.jpg,0.0055599212646484375,178,218,0.8165137614678899,182.02190495825172,70.17312947796692,1104.6037921599354,38804,1.4328216845295428e-07,0
celeba_00355.jpg,0.004771232604980469,178,218,0.8165137614678899,149.9973971755489,97.38142858450647,119.84144653624986,38804,1.2295723649573417e-07,0
celeba_00356.jpg,0.007671356201171875,178,218,0.8165137614678899,169.30535511802907,54.15722215984759,716.2407722794877,38804,1.9769498508328716e-07,0
celeba_00357.jpg,0.0053997039794921875,178,218,0.8165137614678899,121.7518297082775,78.69535516696932,117.60202081192715,38804,1.3915328263818646e-07,0
celeba_00358.jpg,0.007073402404785156,178,218,0.8165137614678899,68.43353777961035,65.17784689961603,529.6131252358891,38804,1.8228539338174302e-07,0
celeba_00359.jpg,0.0062255859375,178,218,0.8165137614678899,126.22049273270797,34.885247650891465,407.2157647565943,38804,1.6043670594526337e-07,0
celeba_00360.jpg,0.006106376647949219,178,218,0.8165137614678899,180.35532419338213,74.14446736452796,515.2121991105597,38804,1.573646182854659e-07,0
celeba_00361.jpg,0.005579948425292969,178,218,0.8165137614678899,200.70198948562003,65.35351398893782,764.2090197948185,38804,1.4379827917980025e-07,0
celeba_00362.jpg,0.006215095520019531,178,218,0.8165137614678899,142.41941552417276,91.64504218249832,1166.4679265066197,38804,1.6016636223120119e-07,0
celeba_00363.jpg,0.006119728088378906,178,218,0.8165137614678899,100.87993505824141,50.57057538703393,640.8986444689782,38804,1.577086921033632e-07,0
celeba_00364.jpg,0.006102561950683594,178,218,0.8165137614678899,89.86702401814246,49.95371010630279,1248.8916351167722,38804,1.5726631148035237e-07,0
celeba_00365.jpg,0.005938529968261719,178,218,0.8165137614678899,149.7626791052469,99.90380585072029,1031.540273327077,38804,1.5303911886047105e-07,0
celeba_00366.jpg,0.006298065185546875,178,218,0.8165137614678899,142.15567982682197,62.85899486299652,381.24726181380646,38804,1.6230453524242025e-07,0
celeba_00367.jpg,0.0081329345703125,178,218,0.8165137614678899,79.77468817647666,68.69574910597137,1166.797685198182,38804,2.09590108502023e-07,0
celeba_00368.jpg,0.005825042724609375,178,218,0.8165137614678899,56.752628594990206,61.25684831818234,636.241362016001,38804,1.5011449140834386e-07,0
celeba_00369.jpg,0.005924224853515625,178,218,0.8165137614678899,151.73108442428617,87.69115760085734,194.09495852332543,38804,1.5267046834129536e-07,0
celeba_00370.jpg,0.0072650909423828125,178,218,0.8165137614678899,144.1158901144212,69.3185009787006,1018.9534041629645,38804,1.8722531033869737e-07,0
celeba_00371.jpg,0.008013725280761719,178,218,0.8165137614678899,132.6906762189465,43.06880209516374,1562.5970135969733,38804,2.0651802084222552e-07,0
celeba_00372.jpg,0.0067729949951171875,178,218,0.8165137614678899,136.06084424286155,85.22232839372748,712.9953657944067,38804,1.745437324790534e-07,0
celeba_00373.jpg,0.007418632507324219,178,218,0.8165137614678899,160.0769766003505,75.86139206386748,843.1177744904571,38804,1.9118215924451651e-07,0
celeba_00374.jpg,0.00540924072265625,178,218,0.8165137614678899,75.56584372745078,79.33789196964656,154.75154189099027,38804,1.3939904965097027e-07,0
celeba_00375.jpg,0.006281852722167969,178,218,0.8165137614678899,143.12686836408616,61.28996625539414,761.5543798508238,38804,1.618867313206878e-07,0
celeba_00376.jpg,0.006854057312011719,178,218,0.8165137614678899,76.41964745902484,64.35820235213521,509.42643004655827,38804,1.7663275208771568e-07,0
celeba_00377.jpg,0.005524635314941406,178,218,0.8165137614678899,169.5180651479229,73.27437207606924,208.57017343570172,38804,1.4237283050565423e-07,0
celeba_00378.jpg,0.005573272705078125,178,218,0.8165137614678899,130.3594990207195,50.75209149351798,154.09673714943204,38804,1.436262422708516e-07,0
celeba_00379.jpg,0.009049415588378906,178,218,0.8165137614678899,132.33960416451913,49.2011026043394,1468.9700683004824,38804,2.3320831843054597e-07,0
celeba_00380.jpg,0.006754875183105469,178,218,0.8165137614678899,133.66191629728894,56.70902036193968,600.1224662580469,38804,1.7407677515476418e-07,0
celeba_00381.jpg,0.00496673583984375,178,218,0.8165137614678899,182.63931553448097,64.42218093689334,143.25378140689156,38804,1.2799546025780202e-07,0
celeba_00382.jpg,0.005859375,178,218,0.8165137614678899,85.0826461189568,47.18292354493742,340.4234210272999,38804,1.5099925265436554e-07,0
celeba_00383.jpg,0.005175590515136719,178,218,0.8165137614678899,72.11122564684054,64.61809853784176,179.2692799807269,38804,1.333777578377672e-07,0
celeba_00384.jpg,0.004515647888183594,178,218,0.8165137614678899,191.76873518194,71.05894408459177,632.802546129265,38804,1.1637068055312838e-07,0
celeba_00385.jpg,0.0054645538330078125,178,218,0.8165137614678899,183.03347593031646,80.27999744496184,430.7370429037955,38804,1.4082449832511628e-07,0
celeba_00386.jpg,0.008494377136230469,178,218,0.8165137614678899,198.6250644263478,65.38489164017098,5278.319028108441,38804,2.1890467828652894e-07,0
celeba_00387.jpg,0.005042076110839844,178,218,0.8165137614678899,56.87671374085146,82.24381561334566,640.0747087922439,38804,1.2993701965879403e-07,0
celeba_00388.jpg,0.006325721740722656,178,218,0.8165137614678899,78.72296670446346,54.434034048368254,446.0959911134436,38804,1.6301725957949325e-07,0
celeba_00389.jpg,0.008469581604003906,178,218,0.8165137614678899,107.30375734460365,67.59227403353364,1298.8036389398546,38804,2.1826568405329105e-07,0
celeba_00390.jpg,0.008053779602050781,178,218,0.8165137614678899,102.08702711060715,82.91416628639605,1299.2737138078267,38804,2.0755024229591745e-07,0
celeba_00391.jpg,0.008426666259765625,178,218,0.8165137614678899,93.15573136790022,77.15765502782227,1644.524113778495,38804,2.1715973249576396e-07,0
celeba_00392.jpg,0.00885772705078125,178,218,0.8165137614678899,71.77623440882384,57.98363874145101,1397.8350872213869,38804,2.2826840147359165e-07,0
celeba_00393.jpg,0.006386756896972656,178,218,0.8165137614678899,92.71263271827647,78.06086750314005,627.2293055770274,38804,1.6459016846130957e-07,0
celeba_00394.jpg,0.008256912231445312,178,218,0.8165137614678899,106.50999896917844,62.155446121300436,1249.2817811069426,38804,2.1278507966821236e-07,0
celeba_00395.jpg,0.006581306457519531,178,218,0.8165137614678899,136.1136738480569,69.3452672926085,503.8507411144557,38804,1.6960381552209904e-07,0
celeba_00396.jpg,0.006587028503417969,178,218,0.8165137614678899,112.63052778064117,86.42000445679292,839.6253980380769,38804,1.6975127572976932e-07,0
celeba_00397.jpg,0.007122993469238281,178,218,0.8165137614678899,116.1867590970003,34.351093398748134,750.0818445120057,38804,1.8356338184821876e-07,0
celeba_00398.jpg,0.0057201385498046875,178,218,0.8165137614678899,112.91807545613854,64.59432183884353,81.84067919726212,38804,1.4741105426772208e-07,0
celeba_00399.jpg,0.009166717529296875,178,218,0.8165137614678899,126.96706525100505,80.78026994830552,3991.276023217781,38804,2.362312526877867e-07,0
