,count,unique,top,freq,mean,std,min,25%,50%,75%,max
age,3400.0,,,,3.1473529411764707,0.9013043695009423,0.0,3.0,3.0,3.0,8.0
gender,3400.0,,,,0.13264705882352942,0.3392427822873978,0.0,0.0,0.0,0.0,1.0
race,3400.0,,,,2.9691176470588236,1.071956216603619,0.0,3.0,3.0,3.0,6.0
service_test,3400,3,Unknown,2400,,,,,,,
file_name,3400,3400,fairface_00000.jpg,1,,,,,,,
dataset,3400,4,FairFace,1000,,,,,,,
image_id,3400.0,,,,62562.15823529412,19235.740524043944,29.0,62512.0,62512.0,62512.0,126135.0
left_eye_react,3400,999,Unknown,2400,,,,,,,
right_eye_react,3400,999,Unknown,2400,,,,,,,
label,3400,3,Unknown,2400,,,,,,,
