age,gender,race,service_test,file_name
3,1,6,False,fairface_00000.jpg
3,0,5,True,fairface_00001.jpg
2,0,6,False,fairface_00002.jpg
4,1,3,False,fairface_00003.jpg
2,1,6,False,fairface_00004.jpg
2,0,6,True,fairface_00005.jpg
3,0,6,True,fairface_00006.jpg
4,0,0,False,fairface_00007.jpg
4,0,4,False,fairface_00008.jpg
2,0,0,True,fairface_00009.jpg
4,1,2,False,fairface_00010.jpg
7,1,6,False,fairface_00011.jpg
3,1,0,False,fairface_00012.jpg
1,1,0,True,fairface_00013.jpg
6,1,0,False,fairface_00014.jpg
4,1,5,True,fairface_00015.jpg
3,0,1,False,fairface_00016.jpg
3,1,1,False,fairface_00017.jpg
7,0,0,True,fairface_00018.jpg
4,1,5,False,fairface_00019.jpg
0,1,3,False,fairface_00020.jpg
1,0,4,False,fairface_00021.jpg
4,0,5,False,fairface_00022.jpg
3,1,3,False,fairface_00023.jpg
2,1,5,True,fairface_00024.jpg
5,0,6,True,fairface_00025.jpg
1,0,6,False,fairface_00026.jpg
6,0,1,False,fairface_00027.jpg
4,1,2,False,fairface_00028.jpg
3,1,6,True,fairface_00029.jpg
1,0,3,False,fairface_00030.jpg
5,0,4,False,fairface_00031.jpg
4,0,1,False,fairface_00032.jpg
7,0,6,True,fairface_00033.jpg
1,1,5,False,fairface_00034.jpg
3,0,0,True,fairface_00035.jpg
2,0,5,False,fairface_00036.jpg
3,1,0,False,fairface_00037.jpg
4,0,4,True,fairface_00038.jpg
4,0,3,False,fairface_00039.jpg
5,1,3,False,fairface_00040.jpg
4,0,1,True,fairface_00041.jpg
3,0,3,False,fairface_00042.jpg
3,0,5,True,fairface_00043.jpg
2,1,0,False,fairface_00044.jpg
2,1,1,True,fairface_00045.jpg
4,0,1,False,fairface_00046.jpg
4,0,4,False,fairface_00047.jpg
1,0,1,False,fairface_00048.jpg
1,1,2,False,fairface_00049.jpg
5,1,5,False,fairface_00050.jpg
3,0,1,True,fairface_00051.jpg
3,0,0,True,fairface_00052.jpg
3,0,3,True,fairface_00053.jpg
5,0,3,True,fairface_00054.jpg
1,1,6,True,fairface_00055.jpg
6,0,3,True,fairface_00056.jpg
3,1,1,False,fairface_00057.jpg
5,0,5,True,fairface_00058.jpg
5,1,6,True,fairface_00059.jpg
5,0,5,False,fairface_00060.jpg
3,1,5,False,fairface_00061.jpg
2,0,0,False,fairface_00062.jpg
4,0,3,False,fairface_00063.jpg
6,0,4,False,fairface_00064.jpg
1,0,2,False,fairface_00065.jpg
1,0,2,False,fairface_00066.jpg
3,1,3,False,fairface_00067.jpg
4,0,1,False,fairface_00068.jpg
4,1,2,True,fairface_00069.jpg
5,1,3,True,fairface_00070.jpg
2,0,5,True,fairface_00071.jpg
0,0,0,False,fairface_00072.jpg
6,0,3,True,fairface_00073.jpg
3,1,5,False,fairface_00074.jpg
4,0,1,False,fairface_00075.jpg
4,0,3,False,fairface_00076.jpg
5,0,2,False,fairface_00077.jpg
3,1,6,False,fairface_00078.jpg
4,0,4,False,fairface_00079.jpg
4,0,3,True,fairface_00080.jpg
3,0,5,True,fairface_00081.jpg
6,0,1,False,fairface_00082.jpg
4,1,4,True,fairface_00083.jpg
3,1,0,False,fairface_00084.jpg
4,1,0,True,fairface_00085.jpg
8,0,3,False,fairface_00086.jpg
6,0,1,True,fairface_00087.jpg
2,0,1,True,fairface_00088.jpg
4,0,1,False,fairface_00089.jpg
3,1,5,False,fairface_00090.jpg
3,0,2,True,fairface_00091.jpg
2,0,4,True,fairface_00092.jpg
4,1,0,False,fairface_00093.jpg
4,1,1,False,fairface_00094.jpg
3,1,5,True,fairface_00095.jpg
3,0,0,True,fairface_00096.jpg
4,1,1,True,fairface_00097.jpg
5,1,2,False,fairface_00098.jpg
7,0,3,False,fairface_00099.jpg
1,0,3,False,fairface_00100.jpg
1,1,6,False,fairface_00101.jpg
6,0,4,False,fairface_00102.jpg
2,0,5,True,fairface_00103.jpg
4,0,1,True,fairface_00104.jpg
5,0,3,False,fairface_00105.jpg
3,1,0,True,fairface_00106.jpg
1,0,2,True,fairface_00107.jpg
3,0,1,True,fairface_00108.jpg
3,0,3,True,fairface_00109.jpg
2,1,0,False,fairface_00110.jpg
4,0,2,False,fairface_00111.jpg
3,1,3,False,fairface_00112.jpg
3,0,5,True,fairface_00113.jpg
1,1,2,True,fairface_00114.jpg
3,0,2,True,fairface_00115.jpg
4,0,2,False,fairface_00116.jpg
7,1,5,False,fairface_00117.jpg
6,0,4,False,fairface_00118.jpg
5,0,5,False,fairface_00119.jpg
6,0,2,True,fairface_00120.jpg
3,1,0,False,fairface_00121.jpg
3,1,5,True,fairface_00122.jpg
4,0,1,True,fairface_00123.jpg
0,0,1,False,fairface_00124.jpg
4,0,2,False,fairface_00125.jpg
3,1,2,False,fairface_00126.jpg
4,0,5,False,fairface_00127.jpg
5,0,6,True,fairface_00128.jpg
2,1,0,True,fairface_00129.jpg
2,0,1,True,fairface_00130.jpg
4,0,1,False,fairface_00131.jpg
2,1,6,True,fairface_00132.jpg
4,1,2,False,fairface_00133.jpg
3,1,6,True,fairface_00134.jpg
3,1,2,True,fairface_00135.jpg
4,0,5,False,fairface_00136.jpg
5,0,0,False,fairface_00137.jpg
4,1,3,True,fairface_00138.jpg
3,1,0,True,fairface_00139.jpg
6,1,4,True,fairface_00140.jpg
4,0,3,True,fairface_00141.jpg
2,1,3,True,fairface_00142.jpg
3,0,2,True,fairface_00143.jpg
3,1,5,True,fairface_00144.jpg
2,0,0,True,fairface_00145.jpg
4,0,5,True,fairface_00146.jpg
4,0,3,False,fairface_00147.jpg
3,1,2,False,fairface_00148.jpg
5,1,3,True,fairface_00149.jpg
3,1,1,False,fairface_00150.jpg
4,1,1,True,fairface_00151.jpg
1,0,4,False,fairface_00152.jpg
7,0,3,True,fairface_00153.jpg
6,0,5,False,fairface_00154.jpg
6,1,2,False,fairface_00155.jpg
3,1,2,True,fairface_00156.jpg
3,0,1,True,fairface_00157.jpg
3,0,4,True,fairface_00158.jpg
6,0,6,False,fairface_00159.jpg
5,0,3,True,fairface_00160.jpg
4,1,4,True,fairface_00161.jpg
4,0,2,False,fairface_00162.jpg
3,0,6,False,fairface_00163.jpg
4,1,5,False,fairface_00164.jpg
3,0,5,False,fairface_00165.jpg
3,1,0,False,fairface_00166.jpg
4,1,2,True,fairface_00167.jpg
3,1,1,False,fairface_00168.jpg
3,1,3,False,fairface_00169.jpg
3,1,3,False,fairface_00170.jpg
3,0,4,True,fairface_00171.jpg
4,1,6,True,fairface_00172.jpg
4,0,5,False,fairface_00173.jpg
0,0,5,True,fairface_00174.jpg
3,1,6,True,fairface_00175.jpg
4,0,2,True,fairface_00176.jpg
3,0,4,True,fairface_00177.jpg
5,0,1,False,fairface_00178.jpg
3,1,5,False,fairface_00179.jpg
5,1,0,True,fairface_00180.jpg
2,0,3,True,fairface_00181.jpg
4,1,2,True,fairface_00182.jpg
3,0,3,True,fairface_00183.jpg
5,0,0,False,fairface_00184.jpg
6,0,4,False,fairface_00185.jpg
4,1,0,False,fairface_00186.jpg
3,0,6,True,fairface_00187.jpg
6,1,3,True,fairface_00188.jpg
4,1,2,True,fairface_00189.jpg
7,0,3,False,fairface_00190.jpg
2,1,2,False,fairface_00191.jpg
8,1,6,False,fairface_00192.jpg
7,1,6,False,fairface_00193.jpg
1,0,1,False,fairface_00194.jpg
5,1,1,True,fairface_00195.jpg
5,0,1,False,fairface_00196.jpg
3,1,3,False,fairface_00197.jpg
7,1,2,False,fairface_00198.jpg
1,1,6,False,fairface_00199.jpg
2,0,2,False,fairface_00200.jpg
1,0,0,True,fairface_00201.jpg
4,0,2,False,fairface_00202.jpg
5,1,2,False,fairface_00203.jpg
6,0,2,False,fairface_00204.jpg
4,0,0,False,fairface_00205.jpg
3,1,3,False,fairface_00206.jpg
1,0,2,False,fairface_00207.jpg
4,0,0,True,fairface_00208.jpg
1,0,5,False,fairface_00209.jpg
4,0,1,True,fairface_00210.jpg
1,0,0,False,fairface_00211.jpg
5,0,5,False,fairface_00212.jpg
5,0,0,True,fairface_00213.jpg
3,1,3,False,fairface_00214.jpg
1,1,6,False,fairface_00215.jpg
4,0,3,False,fairface_00216.jpg
4,0,6,False,fairface_00217.jpg
3,1,3,False,fairface_00218.jpg
5,1,5,False,fairface_00219.jpg
3,0,3,True,fairface_00220.jpg
6,0,2,False,fairface_00221.jpg
2,1,2,True,fairface_00222.jpg
3,1,0,False,fairface_00223.jpg
1,0,2,False,fairface_00224.jpg
5,0,2,False,fairface_00225.jpg
4,0,3,False,fairface_00226.jpg
6,1,6,False,fairface_00227.jpg
1,1,2,False,fairface_00228.jpg
4,0,0,True,fairface_00229.jpg
5,1,6,True,fairface_00230.jpg
4,1,3,False,fairface_00231.jpg
4,1,3,False,fairface_00232.jpg
3,1,1,True,fairface_00233.jpg
3,0,3,False,fairface_00234.jpg
5,0,5,True,fairface_00235.jpg
2,1,0,True,fairface_00236.jpg
1,0,6,False,fairface_00237.jpg
4,1,3,False,fairface_00238.jpg
4,0,3,False,fairface_00239.jpg
1,0,2,False,fairface_00240.jpg
2,0,5,True,fairface_00241.jpg
4,0,6,True,fairface_00242.jpg
4,0,3,False,fairface_00243.jpg
5,0,3,False,fairface_00244.jpg
2,1,1,False,fairface_00245.jpg
6,1,5,False,fairface_00246.jpg
5,0,3,False,fairface_00247.jpg
4,0,1,False,fairface_00248.jpg
4,1,6,False,fairface_00249.jpg
3,1,6,True,fairface_00250.jpg
3,1,6,False,fairface_00251.jpg
1,0,4,True,fairface_00252.jpg
4,1,5,True,fairface_00253.jpg
3,1,0,False,fairface_00254.jpg
3,0,4,True,fairface_00255.jpg
3,1,0,False,fairface_00256.jpg
3,1,0,False,fairface_00257.jpg
4,0,4,True,fairface_00258.jpg
1,0,6,True,fairface_00259.jpg
4,0,5,False,fairface_00260.jpg
4,0,3,False,fairface_00261.jpg
2,1,5,True,fairface_00262.jpg
6,0,5,False,fairface_00263.jpg
4,0,4,False,fairface_00264.jpg
6,1,5,False,fairface_00265.jpg
5,0,5,False,fairface_00266.jpg
6,1,6,True,fairface_00267.jpg
5,0,1,True,fairface_00268.jpg
0,1,3,False,fairface_00269.jpg
3,1,0,False,fairface_00270.jpg
7,0,3,False,fairface_00271.jpg
3,0,6,True,fairface_00272.jpg
1,1,4,True,fairface_00273.jpg
5,0,0,True,fairface_00274.jpg
3,1,0,True,fairface_00275.jpg
4,0,1,False,fairface_00276.jpg
4,0,2,True,fairface_00277.jpg
3,1,0,False,fairface_00278.jpg
6,0,5,False,fairface_00279.jpg
6,1,1,True,fairface_00280.jpg
4,0,3,False,fairface_00281.jpg
5,1,2,True,fairface_00282.jpg
3,1,3,False,fairface_00283.jpg
3,0,5,True,fairface_00284.jpg
4,1,0,True,fairface_00285.jpg
3,1,3,True,fairface_00286.jpg
5,1,5,False,fairface_00287.jpg
3,0,3,True,fairface_00288.jpg
4,0,2,False,fairface_00289.jpg
5,0,5,False,fairface_00290.jpg
5,1,3,False,fairface_00291.jpg
6,1,4,True,fairface_00292.jpg
3,1,5,True,fairface_00293.jpg
3,1,3,True,fairface_00294.jpg
5,0,4,True,fairface_00295.jpg
3,1,6,False,fairface_00296.jpg
6,0,2,False,fairface_00297.jpg
4,1,2,False,fairface_00298.jpg
4,0,5,False,fairface_00299.jpg
7,1,0,True,fairface_00300.jpg
7,0,2,True,fairface_00301.jpg
5,0,4,True,fairface_00302.jpg
5,1,4,True,fairface_00303.jpg
6,0,6,False,fairface_00304.jpg
4,1,2,False,fairface_00305.jpg
4,0,1,False,fairface_00306.jpg
2,0,5,False,fairface_00307.jpg
4,1,0,True,fairface_00308.jpg
2,0,2,False,fairface_00309.jpg
6,0,5,False,fairface_00310.jpg
3,1,4,True,fairface_00311.jpg
4,0,5,False,fairface_00312.jpg
3,1,0,False,fairface_00313.jpg
5,1,6,True,fairface_00314.jpg
4,0,5,False,fairface_00315.jpg
2,1,0,True,fairface_00316.jpg
1,1,5,False,fairface_00317.jpg
4,0,5,True,fairface_00318.jpg
3,1,0,True,fairface_00319.jpg
4,1,5,False,fairface_00320.jpg
7,0,5,False,fairface_00321.jpg
3,1,6,False,fairface_00322.jpg
5,1,3,False,fairface_00323.jpg
6,1,1,False,fairface_00324.jpg
4,1,5,True,fairface_00325.jpg
5,0,5,True,fairface_00326.jpg
4,0,1,True,fairface_00327.jpg
4,0,4,False,fairface_00328.jpg
1,0,1,False,fairface_00329.jpg
1,0,3,True,fairface_00330.jpg
8,1,3,False,fairface_00331.jpg
3,1,0,False,fairface_00332.jpg
1,1,1,False,fairface_00333.jpg
5,0,3,True,fairface_00334.jpg
5,0,0,True,fairface_00335.jpg
5,0,2,False,fairface_00336.jpg
3,0,3,False,fairface_00337.jpg
2,0,5,True,fairface_00338.jpg
3,0,1,True,fairface_00339.jpg
4,1,2,True,fairface_00340.jpg
3,0,6,True,fairface_00341.jpg
2,1,2,False,fairface_00342.jpg
3,1,4,True,fairface_00343.jpg
5,0,2,True,fairface_00344.jpg
5,1,2,True,fairface_00345.jpg
4,0,3,False,fairface_00346.jpg
4,1,4,True,fairface_00347.jpg
3,1,0,True,fairface_00348.jpg
2,1,1,False,fairface_00349.jpg
3,1,1,True,fairface_00350.jpg
4,0,2,True,fairface_00351.jpg
3,0,6,False,fairface_00352.jpg
3,1,2,False,fairface_00353.jpg
6,1,3,True,fairface_00354.jpg
3,1,1,True,fairface_00355.jpg
3,1,2,True,fairface_00356.jpg
7,1,1,True,fairface_00357.jpg
4,0,3,False,fairface_00358.jpg
2,1,3,False,fairface_00359.jpg
7,1,6,False,fairface_00360.jpg
2,1,5,True,fairface_00361.jpg
3,1,1,True,fairface_00362.jpg
1,0,0,False,fairface_00363.jpg
4,1,1,False,fairface_00364.jpg
3,0,1,True,fairface_00365.jpg
4,1,2,False,fairface_00366.jpg
4,1,5,False,fairface_00367.jpg
3,1,0,True,fairface_00368.jpg
3,0,4,True,fairface_00369.jpg
4,1,3,True,fairface_00370.jpg
3,0,2,True,fairface_00371.jpg
1,0,6,True,fairface_00372.jpg
4,1,4,True,fairface_00373.jpg
1,1,1,True,fairface_00374.jpg
3,1,2,False,fairface_00375.jpg
6,0,3,False,fairface_00376.jpg
2,0,3,True,fairface_00377.jpg
5,1,3,False,fairface_00378.jpg
3,0,3,False,fairface_00379.jpg
3,0,1,True,fairface_00380.jpg
5,0,0,False,fairface_00381.jpg
4,1,1,True,fairface_00382.jpg
5,0,4,False,fairface_00383.jpg
3,0,1,True,fairface_00384.jpg
1,1,5,True,fairface_00385.jpg
4,1,6,True,fairface_00386.jpg
4,1,3,False,fairface_00387.jpg
5,0,1,False,fairface_00388.jpg
7,0,1,True,fairface_00389.jpg
3,1,0,False,fairface_00390.jpg
3,0,0,True,fairface_00391.jpg
3,1,3,True,fairface_00392.jpg
5,0,5,False,fairface_00393.jpg
1,1,1,False,fairface_00394.jpg
4,0,2,True,fairface_00395.jpg
4,1,2,True,fairface_00396.jpg
4,1,5,True,fairface_00397.jpg
5,0,5,False,fairface_00398.jpg
3,1,3,True,fairface_00399.jpg
2,1,4,True,fairface_00400.jpg
4,1,2,True,fairface_00401.jpg
6,0,6,False,fairface_00402.jpg
3,0,6,True,fairface_00403.jpg
2,1,0,True,fairface_00404.jpg
3,1,2,False,fairface_00405.jpg
4,0,3,False,fairface_00406.jpg
5,0,3,True,fairface_00407.jpg
5,1,2,False,fairface_00408.jpg
4,0,4,True,fairface_00409.jpg
1,0,2,False,fairface_00410.jpg
4,1,6,False,fairface_00411.jpg
3,1,5,True,fairface_00412.jpg
3,0,0,False,fairface_00413.jpg
2,0,2,False,fairface_00414.jpg
6,1,6,False,fairface_00415.jpg
3,0,5,True,fairface_00416.jpg
4,1,0,False,fairface_00417.jpg
1,0,3,True,fairface_00418.jpg
3,1,0,False,fairface_00419.jpg
2,0,5,False,fairface_00420.jpg
5,0,4,False,fairface_00421.jpg
3,0,1,True,fairface_00422.jpg
3,1,1,True,fairface_00423.jpg
5,1,1,False,fairface_00424.jpg
8,0,0,True,fairface_00425.jpg
3,1,3,True,fairface_00426.jpg
5,0,0,False,fairface_00427.jpg
1,1,2,False,fairface_00428.jpg
1,1,0,True,fairface_00429.jpg
2,1,1,False,fairface_00430.jpg
5,0,1,True,fairface_00431.jpg
4,1,2,False,fairface_00432.jpg
5,0,4,False,fairface_00433.jpg
1,1,4,True,fairface_00434.jpg
2,1,6,True,fairface_00435.jpg
1,0,6,True,fairface_00436.jpg
4,1,4,True,fairface_00437.jpg
0,0,1,False,fairface_00438.jpg
1,1,1,False,fairface_00439.jpg
4,0,5,True,fairface_00440.jpg
3,0,0,False,fairface_00441.jpg
4,0,4,True,fairface_00442.jpg
5,0,1,False,fairface_00443.jpg
2,1,6,False,fairface_00444.jpg
0,0,0,True,fairface_00445.jpg
6,0,3,True,fairface_00446.jpg
6,0,4,False,fairface_00447.jpg
5,1,4,True,fairface_00448.jpg
3,1,5,False,fairface_00449.jpg
2,1,1,True,fairface_00450.jpg
5,0,5,False,fairface_00451.jpg
3,0,5,False,fairface_00452.jpg
2,0,5,True,fairface_00453.jpg
3,0,4,False,fairface_00454.jpg
5,1,2,True,fairface_00455.jpg
4,0,3,False,fairface_00456.jpg
3,1,2,False,fairface_00457.jpg
6,0,0,True,fairface_00458.jpg
3,1,1,False,fairface_00459.jpg
2,0,3,False,fairface_00460.jpg
4,1,6,True,fairface_00461.jpg
3,1,6,True,fairface_00462.jpg
3,1,6,True,fairface_00463.jpg
6,1,3,False,fairface_00464.jpg
3,0,0,True,fairface_00465.jpg
6,0,6,False,fairface_00466.jpg
4,1,5,False,fairface_00467.jpg
1,0,5,False,fairface_00468.jpg
5,0,1,True,fairface_00469.jpg
5,0,4,False,fairface_00470.jpg
3,1,0,False,fairface_00471.jpg
1,1,0,True,fairface_00472.jpg
3,0,3,False,fairface_00473.jpg
3,0,3,True,fairface_00474.jpg
5,1,3,False,fairface_00475.jpg
5,1,1,True,fairface_00476.jpg
1,1,3,False,fairface_00477.jpg
2,0,1,False,fairface_00478.jpg
1,0,2,False,fairface_00479.jpg
6,0,4,False,fairface_00480.jpg
1,1,1,False,fairface_00481.jpg
8,1,3,True,fairface_00482.jpg
1,1,1,True,fairface_00483.jpg
3,0,2,True,fairface_00484.jpg
5,0,0,False,fairface_00485.jpg
3,1,5,True,fairface_00486.jpg
2,1,0,False,fairface_00487.jpg
4,1,2,True,fairface_00488.jpg
3,0,4,True,fairface_00489.jpg
4,1,1,True,fairface_00490.jpg
1,1,4,True,fairface_00491.jpg
3,1,0,False,fairface_00492.jpg
6,0,1,False,fairface_00493.jpg
3,1,0,False,fairface_00494.jpg
1,0,5,False,fairface_00495.jpg
2,0,0,True,fairface_00496.jpg
4,0,4,True,fairface_00497.jpg
1,0,4,True,fairface_00498.jpg
3,0,6,False,fairface_00499.jpg
4,0,6,True,fairface_00500.jpg
4,0,0,False,fairface_00501.jpg
3,1,3,True,fairface_00502.jpg
1,0,1,False,fairface_00503.jpg
1,1,3,True,fairface_00504.jpg
1,0,0,False,fairface_00505.jpg
5,1,1,True,fairface_00506.jpg
3,1,3,False,fairface_00507.jpg
2,1,2,False,fairface_00508.jpg
5,0,5,False,fairface_00509.jpg
3,0,5,True,fairface_00510.jpg
3,0,1,True,fairface_00511.jpg
2,0,4,True,fairface_00512.jpg
1,1,2,False,fairface_00513.jpg
4,0,1,True,fairface_00514.jpg
3,0,1,False,fairface_00515.jpg
4,1,1,True,fairface_00516.jpg
3,1,2,True,fairface_00517.jpg
3,1,0,False,fairface_00518.jpg
2,0,5,False,fairface_00519.jpg
4,1,3,True,fairface_00520.jpg
5,0,6,True,fairface_00521.jpg
5,0,3,False,fairface_00522.jpg
4,1,6,True,fairface_00523.jpg
3,1,0,False,fairface_00524.jpg
6,0,3,False,fairface_00525.jpg
2,0,3,True,fairface_00526.jpg
3,1,3,True,fairface_00527.jpg
4,0,6,True,fairface_00528.jpg
2,0,6,True,fairface_00529.jpg
5,1,5,False,fairface_00530.jpg
3,0,2,True,fairface_00531.jpg
5,1,5,False,fairface_00532.jpg
2,0,2,False,fairface_00533.jpg
5,0,4,True,fairface_00534.jpg
2,1,0,True,fairface_00535.jpg
4,0,2,True,fairface_00536.jpg
3,1,0,False,fairface_00537.jpg
4,1,4,True,fairface_00538.jpg
4,1,1,True,fairface_00539.jpg
2,1,1,True,fairface_00540.jpg
6,0,1,False,fairface_00541.jpg
6,0,2,True,fairface_00542.jpg
3,1,2,True,fairface_00543.jpg
4,1,4,True,fairface_00544.jpg
3,1,0,False,fairface_00545.jpg
5,0,3,False,fairface_00546.jpg
4,0,4,False,fairface_00547.jpg
3,0,4,True,fairface_00548.jpg
5,0,3,False,fairface_00549.jpg
2,0,0,False,fairface_00550.jpg
4,1,5,False,fairface_00551.jpg
5,0,2,False,fairface_00552.jpg
2,1,2,False,fairface_00553.jpg
4,0,4,False,fairface_00554.jpg
3,1,2,True,fairface_00555.jpg
3,1,0,True,fairface_00556.jpg
1,0,5,False,fairface_00557.jpg
6,1,6,True,fairface_00558.jpg
3,1,5,False,fairface_00559.jpg
3,1,0,False,fairface_00560.jpg
2,1,5,True,fairface_00561.jpg
5,0,1,True,fairface_00562.jpg
5,1,0,True,fairface_00563.jpg
2,1,6,False,fairface_00564.jpg
3,1,2,False,fairface_00565.jpg
0,0,3,False,fairface_00566.jpg
1,0,2,False,fairface_00567.jpg
4,0,6,True,fairface_00568.jpg
1,1,1,False,fairface_00569.jpg
6,0,3,True,fairface_00570.jpg
3,0,5,True,fairface_00571.jpg
1,1,0,True,fairface_00572.jpg
3,0,1,True,fairface_00573.jpg
3,1,0,False,fairface_00574.jpg
3,0,5,True,fairface_00575.jpg
1,0,0,True,fairface_00576.jpg
3,1,2,True,fairface_00577.jpg
3,0,5,False,fairface_00578.jpg
4,0,0,True,fairface_00579.jpg
4,0,1,True,fairface_00580.jpg
3,1,1,False,fairface_00581.jpg
5,0,1,True,fairface_00582.jpg
5,0,3,False,fairface_00583.jpg
5,0,3,False,fairface_00584.jpg
2,0,6,False,fairface_00585.jpg
3,1,0,True,fairface_00586.jpg
6,0,6,True,fairface_00587.jpg
4,0,1,False,fairface_00588.jpg
2,0,4,True,fairface_00589.jpg
7,1,6,False,fairface_00590.jpg
1,0,3,True,fairface_00591.jpg
4,0,5,True,fairface_00592.jpg
0,1,2,True,fairface_00593.jpg
5,0,2,True,fairface_00594.jpg
4,0,5,False,fairface_00595.jpg
1,0,6,False,fairface_00596.jpg
4,0,4,True,fairface_00597.jpg
3,0,0,False,fairface_00598.jpg
4,1,4,True,fairface_00599.jpg
5,0,3,False,fairface_00600.jpg
3,0,0,True,fairface_00601.jpg
6,0,0,False,fairface_00602.jpg
0,0,0,False,fairface_00603.jpg
4,0,1,False,fairface_00604.jpg
7,0,1,True,fairface_00605.jpg
5,1,0,True,fairface_00606.jpg
1,1,5,False,fairface_00607.jpg
3,0,3,False,fairface_00608.jpg
4,0,6,False,fairface_00609.jpg
0,0,2,True,fairface_00610.jpg
3,0,3,True,fairface_00611.jpg
4,1,1,True,fairface_00612.jpg
1,1,2,False,fairface_00613.jpg
7,0,3,False,fairface_00614.jpg
6,1,4,True,fairface_00615.jpg
3,0,2,True,fairface_00616.jpg
3,0,1,True,fairface_00617.jpg
1,1,1,False,fairface_00618.jpg
4,0,1,False,fairface_00619.jpg
3,0,5,False,fairface_00620.jpg
1,1,0,True,fairface_00621.jpg
4,1,3,False,fairface_00622.jpg
2,0,1,False,fairface_00623.jpg
1,1,2,False,fairface_00624.jpg
4,1,3,False,fairface_00625.jpg
6,0,4,False,fairface_00626.jpg
2,0,1,True,fairface_00627.jpg
5,1,1,False,fairface_00628.jpg
6,1,5,False,fairface_00629.jpg
3,1,0,False,fairface_00630.jpg
3,1,3,False,fairface_00631.jpg
2,1,6,False,fairface_00632.jpg
3,0,4,True,fairface_00633.jpg
2,1,4,True,fairface_00634.jpg
3,1,0,False,fairface_00635.jpg
1,1,0,True,fairface_00636.jpg
1,1,6,False,fairface_00637.jpg
4,1,5,False,fairface_00638.jpg
5,0,4,False,fairface_00639.jpg
6,1,2,False,fairface_00640.jpg
5,1,3,False,fairface_00641.jpg
4,0,0,True,fairface_00642.jpg
4,1,3,False,fairface_00643.jpg
4,1,5,False,fairface_00644.jpg
1,0,2,False,fairface_00645.jpg
3,1,3,False,fairface_00646.jpg
4,0,5,False,fairface_00647.jpg
4,0,5,False,fairface_00648.jpg
3,1,5,False,fairface_00649.jpg
2,1,5,False,fairface_00650.jpg
2,1,6,True,fairface_00651.jpg
4,0,6,False,fairface_00652.jpg
6,0,4,False,fairface_00653.jpg
4,1,1,False,fairface_00654.jpg
3,1,3,False,fairface_00655.jpg
3,0,2,True,fairface_00656.jpg
3,0,5,True,fairface_00657.jpg
5,0,4,False,fairface_00658.jpg
5,0,3,False,fairface_00659.jpg
1,0,2,False,fairface_00660.jpg
4,1,6,True,fairface_00661.jpg
1,1,6,False,fairface_00662.jpg
4,1,5,False,fairface_00663.jpg
2,1,2,False,fairface_00664.jpg
1,0,6,False,fairface_00665.jpg
2,0,1,False,fairface_00666.jpg
5,0,2,True,fairface_00667.jpg
2,1,6,True,fairface_00668.jpg
4,1,6,True,fairface_00669.jpg
4,1,6,True,fairface_00670.jpg
6,1,1,True,fairface_00671.jpg
1,0,0,False,fairface_00672.jpg
4,0,5,True,fairface_00673.jpg
3,0,3,False,fairface_00674.jpg
1,0,0,False,fairface_00675.jpg
3,1,5,True,fairface_00676.jpg
4,0,2,True,fairface_00677.jpg
3,0,1,True,fairface_00678.jpg
3,0,2,True,fairface_00679.jpg
3,0,6,True,fairface_00680.jpg
3,1,5,True,fairface_00681.jpg
3,0,2,True,fairface_00682.jpg
1,1,4,True,fairface_00683.jpg
2,0,6,False,fairface_00684.jpg
1,1,3,False,fairface_00685.jpg
5,0,3,False,fairface_00686.jpg
4,1,3,True,fairface_00687.jpg
6,1,5,True,fairface_00688.jpg
4,0,3,True,fairface_00689.jpg
3,0,5,False,fairface_00690.jpg
3,1,2,False,fairface_00691.jpg
3,1,0,True,fairface_00692.jpg
1,0,4,False,fairface_00693.jpg
1,0,5,False,fairface_00694.jpg
5,0,0,True,fairface_00695.jpg
3,0,0,False,fairface_00696.jpg
1,1,4,True,fairface_00697.jpg
6,1,3,False,fairface_00698.jpg
1,1,0,True,fairface_00699.jpg
5,1,5,True,fairface_00700.jpg
4,0,5,False,fairface_00701.jpg
4,0,1,False,fairface_00702.jpg
2,0,2,True,fairface_00703.jpg
3,1,0,False,fairface_00704.jpg
4,1,6,False,fairface_00705.jpg
6,1,1,True,fairface_00706.jpg
3,1,0,False,fairface_00707.jpg
4,0,1,True,fairface_00708.jpg
1,0,6,False,fairface_00709.jpg
1,0,1,False,fairface_00710.jpg
3,1,4,True,fairface_00711.jpg
4,0,3,False,fairface_00712.jpg
2,0,5,False,fairface_00713.jpg
5,1,2,True,fairface_00714.jpg
3,0,1,False,fairface_00715.jpg
1,0,2,False,fairface_00716.jpg
7,1,5,False,fairface_00717.jpg
3,0,3,True,fairface_00718.jpg
4,0,6,True,fairface_00719.jpg
4,0,2,False,fairface_00720.jpg
4,0,1,True,fairface_00721.jpg
3,0,6,True,fairface_00722.jpg
6,0,4,True,fairface_00723.jpg
2,1,6,True,fairface_00724.jpg
3,1,1,True,fairface_00725.jpg
1,1,5,False,fairface_00726.jpg
3,0,3,False,fairface_00727.jpg
4,1,1,False,fairface_00728.jpg
3,0,0,True,fairface_00729.jpg
2,1,2,False,fairface_00730.jpg
3,1,1,True,fairface_00731.jpg
4,1,3,False,fairface_00732.jpg
5,0,4,False,fairface_00733.jpg
1,0,3,False,fairface_00734.jpg
1,1,5,False,fairface_00735.jpg
4,0,4,False,fairface_00736.jpg
1,0,0,False,fairface_00737.jpg
5,0,6,False,fairface_00738.jpg
1,1,6,True,fairface_00739.jpg
6,0,3,False,fairface_00740.jpg
2,1,6,False,fairface_00741.jpg
3,0,5,True,fairface_00742.jpg
3,1,3,True,fairface_00743.jpg
1,0,0,False,fairface_00744.jpg
6,1,4,True,fairface_00745.jpg
3,1,0,True,fairface_00746.jpg
5,0,1,False,fairface_00747.jpg
3,0,6,True,fairface_00748.jpg
2,0,5,False,fairface_00749.jpg
2,1,5,False,fairface_00750.jpg
4,1,2,False,fairface_00751.jpg
4,0,1,True,fairface_00752.jpg
3,1,3,True,fairface_00753.jpg
1,0,6,False,fairface_00754.jpg
3,1,0,False,fairface_00755.jpg
1,1,1,False,fairface_00756.jpg
3,0,3,False,fairface_00757.jpg
3,0,5,True,fairface_00758.jpg
3,1,2,False,fairface_00759.jpg
4,0,2,False,fairface_00760.jpg
4,0,0,False,fairface_00761.jpg
1,0,6,True,fairface_00762.jpg
3,1,2,True,fairface_00763.jpg
2,0,3,False,fairface_00764.jpg
3,0,3,False,fairface_00765.jpg
4,1,0,True,fairface_00766.jpg
2,0,6,False,fairface_00767.jpg
3,0,0,True,fairface_00768.jpg
5,0,3,True,fairface_00769.jpg
3,1,0,False,fairface_00770.jpg
2,1,1,False,fairface_00771.jpg
3,0,6,False,fairface_00772.jpg
1,0,1,True,fairface_00773.jpg
6,0,3,False,fairface_00774.jpg
3,1,2,False,fairface_00775.jpg
3,1,2,False,fairface_00776.jpg
1,1,1,False,fairface_00777.jpg
2,1,4,True,fairface_00778.jpg
0,0,6,False,fairface_00779.jpg
5,0,1,True,fairface_00780.jpg
5,1,3,False,fairface_00781.jpg
4,1,6,True,fairface_00782.jpg
1,0,2,True,fairface_00783.jpg
5,0,6,False,fairface_00784.jpg
4,0,1,False,fairface_00785.jpg
3,0,3,True,fairface_00786.jpg
0,0,3,False,fairface_00787.jpg
4,1,1,False,fairface_00788.jpg
2,0,1,True,fairface_00789.jpg
1,0,1,True,fairface_00790.jpg
3,1,5,True,fairface_00791.jpg
3,0,1,True,fairface_00792.jpg
4,1,5,True,fairface_00793.jpg
4,0,4,True,fairface_00794.jpg
4,1,2,False,fairface_00795.jpg
5,0,4,True,fairface_00796.jpg
4,1,0,True,fairface_00797.jpg
2,1,1,False,fairface_00798.jpg
3,0,5,False,fairface_00799.jpg
1,0,2,False,fairface_00800.jpg
2,0,3,False,fairface_00801.jpg
2,1,6,True,fairface_00802.jpg
4,0,2,False,fairface_00803.jpg
2,1,5,False,fairface_00804.jpg
3,0,0,True,fairface_00805.jpg
3,0,0,True,fairface_00806.jpg
1,0,0,False,fairface_00807.jpg
4,1,2,True,fairface_00808.jpg
2,1,2,False,fairface_00809.jpg
2,1,2,False,fairface_00810.jpg
6,0,1,True,fairface_00811.jpg
3,1,3,False,fairface_00812.jpg
4,1,2,True,fairface_00813.jpg
3,0,2,True,fairface_00814.jpg
4,1,0,False,fairface_00815.jpg
5,1,3,True,fairface_00816.jpg
4,1,1,True,fairface_00817.jpg
2,1,6,True,fairface_00818.jpg
1,0,5,False,fairface_00819.jpg
3,0,4,True,fairface_00820.jpg
2,1,2,True,fairface_00821.jpg
5,0,2,False,fairface_00822.jpg
3,1,5,False,fairface_00823.jpg
7,0,4,False,fairface_00824.jpg
3,1,3,True,fairface_00825.jpg
1,0,5,False,fairface_00826.jpg
5,1,3,False,fairface_00827.jpg
5,0,0,False,fairface_00828.jpg
7,1,3,False,fairface_00829.jpg
3,0,5,False,fairface_00830.jpg
3,0,3,True,fairface_00831.jpg
3,0,6,True,fairface_00832.jpg
4,1,3,False,fairface_00833.jpg
6,0,2,False,fairface_00834.jpg
3,1,0,False,fairface_00835.jpg
4,0,3,True,fairface_00836.jpg
3,1,1,False,fairface_00837.jpg
3,0,5,True,fairface_00838.jpg
5,1,3,True,fairface_00839.jpg
8,1,2,True,fairface_00840.jpg
6,0,2,False,fairface_00841.jpg
2,0,1,False,fairface_00842.jpg
4,1,3,False,fairface_00843.jpg
3,1,3,True,fairface_00844.jpg
3,0,4,False,fairface_00845.jpg
3,1,0,False,fairface_00846.jpg
3,1,1,True,fairface_00847.jpg
3,0,6,False,fairface_00848.jpg
5,0,2,True,fairface_00849.jpg
3,1,6,False,fairface_00850.jpg
3,1,3,True,fairface_00851.jpg
7,0,3,False,fairface_00852.jpg
5,0,3,False,fairface_00853.jpg
3,1,6,False,fairface_00854.jpg
3,1,5,False,fairface_00855.jpg
5,0,3,True,fairface_00856.jpg
6,0,4,False,fairface_00857.jpg
2,0,5,True,fairface_00858.jpg
2,1,6,False,fairface_00859.jpg
5,0,3,False,fairface_00860.jpg
6,0,0,False,fairface_00861.jpg
4,0,1,True,fairface_00862.jpg
5,1,6,True,fairface_00863.jpg
6,0,3,True,fairface_00864.jpg
3,0,0,True,fairface_00865.jpg
2,0,0,True,fairface_00866.jpg
4,1,3,True,fairface_00867.jpg
4,0,1,False,fairface_00868.jpg
6,0,2,False,fairface_00869.jpg
4,0,3,True,fairface_00870.jpg
6,1,5,False,fairface_00871.jpg
2,0,3,True,fairface_00872.jpg
6,0,3,True,fairface_00873.jpg
4,0,6,False,fairface_00874.jpg
5,0,2,False,fairface_00875.jpg
4,0,1,False,fairface_00876.jpg
6,1,1,True,fairface_00877.jpg
3,0,3,False,fairface_00878.jpg
4,0,6,False,fairface_00879.jpg
2,1,1,False,fairface_00880.jpg
6,1,6,True,fairface_00881.jpg
4,1,0,False,fairface_00882.jpg
4,0,1,False,fairface_00883.jpg
3,1,6,False,fairface_00884.jpg
5,0,6,True,fairface_00885.jpg
3,1,0,False,fairface_00886.jpg
1,0,2,False,fairface_00887.jpg
7,0,5,False,fairface_00888.jpg
6,0,4,True,fairface_00889.jpg
0,1,4,True,fairface_00890.jpg
1,0,6,True,fairface_00891.jpg
3,1,2,False,fairface_00892.jpg
1,0,0,False,fairface_00893.jpg
1,0,6,True,fairface_00894.jpg
4,0,0,False,fairface_00895.jpg
3,0,3,True,fairface_00896.jpg
3,0,6,True,fairface_00897.jpg
3,1,3,False,fairface_00898.jpg
1,0,4,False,fairface_00899.jpg
2,0,5,False,fairface_00900.jpg
3,1,6,False,fairface_00901.jpg
4,1,6,True,fairface_00902.jpg
4,0,4,False,fairface_00903.jpg
4,1,5,False,fairface_00904.jpg
4,0,3,False,fairface_00905.jpg
5,0,4,False,fairface_00906.jpg
5,0,1,False,fairface_00907.jpg
5,0,1,True,fairface_00908.jpg
2,1,0,True,fairface_00909.jpg
1,1,0,False,fairface_00910.jpg
3,1,0,False,fairface_00911.jpg
5,0,5,False,fairface_00912.jpg
3,1,4,True,fairface_00913.jpg
4,0,3,False,fairface_00914.jpg
3,1,1,True,fairface_00915.jpg
3,0,0,True,fairface_00916.jpg
5,1,4,True,fairface_00917.jpg
3,1,4,True,fairface_00918.jpg
5,0,3,False,fairface_00919.jpg
1,1,2,False,fairface_00920.jpg
1,1,0,True,fairface_00921.jpg
2,1,1,False,fairface_00922.jpg
4,0,3,False,fairface_00923.jpg
3,0,6,True,fairface_00924.jpg
3,0,3,False,fairface_00925.jpg
7,0,3,False,fairface_00926.jpg
6,1,2,True,fairface_00927.jpg
6,0,3,False,fairface_00928.jpg
3,0,1,True,fairface_00929.jpg
5,0,3,True,fairface_00930.jpg
6,0,1,True,fairface_00931.jpg
5,1,3,True,fairface_00932.jpg
1,0,5,True,fairface_00933.jpg
2,1,5,False,fairface_00934.jpg
3,0,5,True,fairface_00935.jpg
5,0,3,False,fairface_00936.jpg
5,0,3,False,fairface_00937.jpg
3,1,3,False,fairface_00938.jpg
5,0,3,False,fairface_00939.jpg
6,0,1,False,fairface_00940.jpg
7,1,6,True,fairface_00941.jpg
3,1,1,True,fairface_00942.jpg
4,1,3,True,fairface_00943.jpg
5,0,1,True,fairface_00944.jpg
3,1,5,False,fairface_00945.jpg
4,1,0,False,fairface_00946.jpg
5,1,5,False,fairface_00947.jpg
5,0,2,False,fairface_00948.jpg
4,0,1,False,fairface_00949.jpg
3,0,5,True,fairface_00950.jpg
3,1,6,False,fairface_00951.jpg
2,0,6,False,fairface_00952.jpg
5,1,6,False,fairface_00953.jpg
5,0,5,False,fairface_00954.jpg
1,0,5,False,fairface_00955.jpg
3,0,6,True,fairface_00956.jpg
3,0,0,True,fairface_00957.jpg
3,1,0,True,fairface_00958.jpg
2,0,5,False,fairface_00959.jpg
3,0,1,False,fairface_00960.jpg
6,0,4,False,fairface_00961.jpg
4,0,4,True,fairface_00962.jpg
4,0,3,True,fairface_00963.jpg
4,0,3,False,fairface_00964.jpg
6,0,3,False,fairface_00965.jpg
4,0,6,False,fairface_00966.jpg
5,0,2,False,fairface_00967.jpg
3,0,0,True,fairface_00968.jpg
2,1,5,False,fairface_00969.jpg
3,1,1,False,fairface_00970.jpg
3,0,0,True,fairface_00971.jpg
0,1,6,False,fairface_00972.jpg
1,0,6,False,fairface_00973.jpg
4,0,6,True,fairface_00974.jpg
3,1,5,False,fairface_00975.jpg
2,0,6,True,fairface_00976.jpg
4,1,3,False,fairface_00977.jpg
6,0,2,True,fairface_00978.jpg
4,0,5,True,fairface_00979.jpg
3,0,3,True,fairface_00980.jpg
3,1,3,False,fairface_00981.jpg
4,0,6,False,fairface_00982.jpg
3,0,0,True,fairface_00983.jpg
4,0,3,False,fairface_00984.jpg
2,0,2,True,fairface_00985.jpg
4,1,0,False,fairface_00986.jpg
2,0,2,True,fairface_00987.jpg
0,0,3,False,fairface_00988.jpg
3,1,3,False,fairface_00989.jpg
7,0,3,False,fairface_00990.jpg
3,0,1,False,fairface_00991.jpg
1,1,1,True,fairface_00992.jpg
4,1,5,False,fairface_00993.jpg
4,0,4,False,fairface_00994.jpg
7,0,3,False,fairface_00995.jpg
4,1,3,True,fairface_00996.jpg
6,1,1,True,fairface_00997.jpg
7,1,2,True,fairface_00998.jpg
5,0,0,True,fairface_00999.jpg
