actual,predicted
SafeDriving,SafeDriving
DangerousDriving,DangerousDriving
DangerousDriving,DangerousDriving
Drinking,Drinking
Yawn,Yawn
DangerousDriving,DangerousDriving
SafeDriving,SafeDriving
Drinking,Drinking
Distracted,Distracted
Distracted,Distracted
SafeDriving,SafeDriving
SafeDriving,SafeDriving
Yawn,Yawn
ClosedEye,ClosedEye
Distracted,Distracted
DangerousDriving,DangerousDriving
Yawn,Yawn
Yawn,Yawn
SafeDriving,SafeDriving
OpenEye,OpenEye
Drinking,Drinking
Drinking,Drinking
DangerousDriving,DangerousDriving
DangerousDriving,DangerousDriving
Drinking,Drinking
OpenEye,OpenEye
SafeDriving,SafeDriving
SafeDriving,SafeDriving
Yawn,Yawn
DangerousDriving,DangerousDriving
ClosedEye,ClosedEye
ClosedEye,ClosedEye
Yawn,Yawn
SafeDriving,SafeDriving
ClosedEye,ClosedEye
Distracted,Distracted
Yawn,Yawn
Distracted,Distracted
OpenEye,OpenEye
DangerousDriving,DangerousDriving
Yawn,Yawn
Distracted,Distracted
DangerousDriving,DangerousDriving
DangerousDriving,DangerousDriving
Yawn,Yawn
Yawn,Yawn
ClosedEye,ClosedEye
OpenEye,ClosedEye
OpenEye,OpenEye
OpenEye,ClosedEye
OpenEye,OpenEye
Distracted,Distracted
ClosedEye,OpenEye
ClosedEye,ClosedEye
DangerousDriving,DangerousDriving
OpenEye,OpenEye
ClosedEye,ClosedEye
OpenEye,OpenEye
Yawn,Yawn
Yawn,Yawn
SafeDriving,SafeDriving
SafeDriving,SafeDriving
DangerousDriving,DangerousDriving
ClosedEye,OpenEye
OpenEye,ClosedEye
ClosedEye,ClosedEye
DangerousDriving,DangerousDriving
Yawn,Yawn
DangerousDriving,DangerousDriving
Drinking,Drinking
SafeDriving,SafeDriving
OpenEye,OpenEye
DangerousDriving,DangerousDriving
DangerousDriving,DangerousDriving
ClosedEye,ClosedEye
ClosedEye,ClosedEye
SafeDriving,SafeDriving
Distracted,Distracted
Distracted,Distracted
ClosedEye,ClosedEye
Yawn,Yawn
Drinking,Drinking
OpenEye,ClosedEye
Drinking,Drinking
Drinking,Drinking
ClosedEye,ClosedEye
Distracted,Distracted
Drinking,DangerousDriving
Yawn,Drinking
DangerousDriving,DangerousDriving
Distracted,Distracted
SafeDriving,SafeDriving
SafeDriving,SafeDriving
SafeDriving,SafeDriving
Distracted,Distracted
DangerousDriving,DangerousDriving
DangerousDriving,DangerousDriving
Distracted,Distracted
OpenEye,OpenEye
OpenEye,OpenEye
Drinking,Drinking
Distracted,Distracted
DangerousDriving,DangerousDriving
Distracted,Distracted
OpenEye,OpenEye
Distracted,Distracted
DangerousDriving,DangerousDriving
Yawn,Yawn
SafeDriving,SafeDriving
OpenEye,OpenEye
DangerousDriving,DangerousDriving
ClosedEye,OpenEye
OpenEye,OpenEye
Distracted,Distracted
OpenEye,ClosedEye
ClosedEye,ClosedEye
Drinking,Drinking
OpenEye,OpenEye
Distracted,Distracted
DangerousDriving,DangerousDriving
OpenEye,ClosedEye
DangerousDriving,DangerousDriving
Drinking,Drinking
SafeDriving,SafeDriving
Yawn,Yawn
Drinking,DangerousDriving
Distracted,Distracted
Drinking,Drinking
DangerousDriving,DangerousDriving
SafeDriving,SafeDriving
ClosedEye,ClosedEye
SafeDriving,SafeDriving
DangerousDriving,DangerousDriving
ClosedEye,OpenEye
ClosedEye,ClosedEye
Distracted,Distracted
Drinking,Drinking
ClosedEye,ClosedEye
ClosedEye,OpenEye
Drinking,Drinking
SafeDriving,SafeDriving
Drinking,Drinking
Drinking,Drinking
OpenEye,OpenEye
OpenEye,OpenEye
Distracted,Distracted
DangerousDriving,DangerousDriving
DangerousDriving,DangerousDriving
Yawn,Yawn
DangerousDriving,DangerousDriving
ClosedEye,ClosedEye
Yawn,Yawn
Drinking,Drinking
ClosedEye,ClosedEye
SafeDriving,SafeDriving
DangerousDriving,DangerousDriving
DangerousDriving,DangerousDriving
Distracted,Distracted
SafeDriving,SafeDriving
Drinking,Drinking
Yawn,Yawn
Distracted,Distracted
DangerousDriving,DangerousDriving
Drinking,Drinking
Yawn,Yawn
Yawn,Yawn
Yawn,Yawn
Yawn,Yawn
Distracted,Distracted
SafeDriving,SafeDriving
DangerousDriving,DangerousDriving
SafeDriving,SafeDriving
Drinking,Drinking
OpenEye,OpenEye
ClosedEye,ClosedEye
OpenEye,OpenEye
Drinking,Drinking
DangerousDriving,DangerousDriving
Drinking,Drinking
Distracted,Distracted
SafeDriving,SafeDriving
OpenEye,OpenEye
Drinking,Drinking
ClosedEye,ClosedEye
Distracted,Distracted
Distracted,Distracted
Yawn,Yawn
ClosedEye,ClosedEye
Drinking,Drinking
ClosedEye,OpenEye
ClosedEye,ClosedEye
Distracted,Distracted
OpenEye,OpenEye
ClosedEye,OpenEye
OpenEye,OpenEye
Distracted,Distracted
OpenEye,ClosedEye
OpenEye,OpenEye
OpenEye,OpenEye
SafeDriving,SafeDriving
DangerousDriving,DangerousDriving
Distracted,Distracted
Yawn,Yawn
Distracted,Distracted
DangerousDriving,DangerousDriving
ClosedEye,OpenEye
OpenEye,OpenEye
SafeDriving,SafeDriving
Yawn,Yawn
ClosedEye,ClosedEye
SafeDriving,SafeDriving
ClosedEye,ClosedEye
ClosedEye,OpenEye
Distracted,Distracted
Yawn,Yawn
Distracted,Distracted
Drinking,Drinking
Distracted,Distracted
SafeDriving,SafeDriving
Drinking,Drinking
Drinking,Drinking
Distracted,Distracted
DangerousDriving,DangerousDriving
Yawn,Yawn
Drinking,Drinking
SafeDriving,SafeDriving
Drinking,Yawn
SafeDriving,SafeDriving
ClosedEye,ClosedEye
OpenEye,OpenEye
ClosedEye,ClosedEye
ClosedEye,ClosedEye
Yawn,Yawn
SafeDriving,SafeDriving
Yawn,Yawn
Drinking,Drinking
SafeDriving,SafeDriving
Yawn,Yawn
Distracted,Distracted
Distracted,Distracted
OpenEye,ClosedEye
OpenEye,ClosedEye
ClosedEye,ClosedEye
OpenEye,OpenEye
SafeDriving,SafeDriving
SafeDriving,SafeDriving
Drinking,Drinking
Yawn,Yawn
ClosedEye,ClosedEye
Distracted,Distracted
Yawn,Yawn
Yawn,Yawn
Drinking,Drinking
Yawn,Yawn
DangerousDriving,DangerousDriving
SafeDriving,SafeDriving
Drinking,Drinking
OpenEye,OpenEye
ClosedEye,ClosedEye
ClosedEye,OpenEye
SafeDriving,SafeDriving
Drinking,Drinking
OpenEye,OpenEye
Yawn,Yawn
Drinking,Drinking
OpenEye,OpenEye
Drinking,Distracted
Yawn,Yawn
Yawn,Yawn
OpenEye,ClosedEye
Distracted,Distracted
SafeDriving,SafeDriving
OpenEye,OpenEye
Distracted,Distracted
DangerousDriving,DangerousDriving
DangerousDriving,DangerousDriving
Yawn,Yawn
Drinking,Drinking
SafeDriving,SafeDriving
SafeDriving,SafeDriving
