,precision,recall,f1-score,support
ClosedEye,0.75,0.75,0.75,40.0
DangerousDriving,0.9523809523809523,1.0,0.975609756097561,40.0
Distracted,0.975609756097561,1.0,0.9876543209876543,40.0
Drinking,0.972972972972973,0.9,0.935064935064935,40.0
OpenEye,0.75,0.75,0.75,40.0
SafeDriving,1.0,1.0,1.0,40.0
Yawn,0.975,0.975,0.975,40.0
accuracy,0.9107142857142857,0.9107142857142857,0.9107142857142857,0.9107142857142857
macro avg,0.9108519544930694,0.9107142857142857,0.910475573164307,280.0
weighted avg,0.9108519544930694,0.9107142857142857,0.9104755731643072,280.0
